{
  "type": "FeatureCollection",
  "features": [
    {
      "type": "Feature",
      "id": "way/5675271",
      "properties": {
        "name": "Butler Street",
        "kind": "street"
      },
      "geometry": {
        "type": "LineString",
        "coordinates": [
          [
            -73.9795479,
            40.6792747
          ],
          [
            -73.9811604,
            40.6798936
          ],
          [
            -73.981265,
            40.6799337
          ]
        ]
      }
    },
    {
      "type": "Feature",
      "id": "way/5675573",
      "properties": {
        "name": "6th Street",
        "kind": "street"
      },
      "geometry": {
        "type": "LineString",
        "coordinates": [
          [
            -73.9753528,
            40.6664233
          ],
          [
            -73.9754397,
            40.6664653
          ],
          [
            -73.9776247,
            40.667522
          ],
          [
            -73.9777115,
            40.667564
          ],
          [
            -73.9778076,
            40.6676105
          ],
          [
            -73.9786692,
            40.6680272
          ],
          [
            -73.9795595,
            40.6684578
          ],
          [
            -73.9799793,
            40.6686608
          ],
          [
            -73.9800688,
            40.668704
          ],
          [
            -73.9801758,
            40.6687558
          ],
          [
            -73.9823523,
            40.6698084
          ],
          [
            -73.9824292,
            40.6698456
          ],
          [
            -73.9825266,
            40.6698927
          ],
          [
            -73.9846927,
            40.6709402
          ],
          [
            -73.9847913,
            40.6709878
          ],
          [
            -73.984901,
            40.6710409
          ],
          [
            -73.987063,
            40.6720864
          ],
          [
            -73.9871532,
            40.6721301
          ],
          [
            -73.9872734,
            40.6721882
          ],
          [
            -73.9873787,
            40.6722391
          ],
          [
            -73.9879355,
            40.6725084
          ],
          [
            -73.9890197,
            40.6730326
          ],
          [
            -73.9894107,
            40.6732217
          ],
          [
            -73.9895109,
            40.6732702
          ],
          [
            -73.9896245,
            40.6733251
          ],
          [
            -73.9904494,
            40.673724
          ],
          [
            -73.9908625,
            40.6739238
          ],
          [
            -73.991095,
            40.6740362
          ],
          [
            -73.9913489,
            40.674159
          ],
          [
            -73.991729,
            40.6743428
          ],
          [
            -73.9917785,
            40.6743668
          ],
          [
            -73.99187,
            40.674411
          ]
        ]
      }
    },
    {
      "type": "Feature",
      "id": "way/5675825",
      "properties": {
        "name": "Grand Army Plaza",
        "kind": "street"
      },
      "geometry": {
        "type": "LineString",
        "coordinates": [
          [
            -73.9705663,
            40.6741637
          ],
          [
            -73.9705751,
            40.6740758
          ],
          [
            -73.9705749,
            40.6740078
          ],
          [
            -73.9705594,
            40.6738768
          ],
          [
            -73.9705258,
            40.6737277
          ],
          [
            -73.9704988,
            40.673645
          ],
          [
            -73.9704603,
            40.6734095
          ]
        ]
      }
    },
    {
      "type": "Feature",
      "id": "way/5676353",
      "properties": {
        "name": "Berkeley Place",
        "kind": "street"
      },
      "geometry": {
        "type": "LineString",
        "coordinates": [
          [
            -73.9800344,
            40.6770499
          ],
          [
            -73.9799473,
            40.6770159
          ],
          [
            -73.9794686,
            40.6768291
          ],
          [
            -73.9782664,
            40.67636
          ],
          [
            -73.9776197,
            40.6761076
          ],
          [
            -73.977531,
            40.676073
          ],
          [
            -73.9774572,
            40.6760442
          ],
          [
            -73.9751234,
            40.6751334
          ],
          [
            -73.97503,
            40.675097
          ],
          [
            -73.9749494,
            40.6750656
          ],
          [
            -73.9734431,
            40.6744796
          ],
          [
            -73.9726175,
            40.6741582
          ],
          [
            -73.972527,
            40.674123
          ],
          [
            -73.9724518,
            40.674095
          ],
          [
            -73.9716477,
            40.6737848
          ],
          [
            -73.9716027,
            40.6737818
          ],
          [
            -73.9715493,
            40.6737818
          ],
          [
            -73.9714654,
            40.6737834
          ]
        ]
      }
    },
    {
      "type": "Feature",
      "id": "way/5676484",
      "properties": {
        "name": "Prospect Park West",
        "kind": "avenue"
      },
      "geometry": {
        "type": "LineString",
        "coordinates": [
          [
            -73.980053,
            40.6607758
          ],
          [
            -73.9801191,
            40.6606973
          ],
          [
            -73.9803266,
            40.6604491
          ],
          [
            -73.9803701,
            40.6603971
          ],
          [
            -73.9804168,
            40.6603428
          ],
          [
            -73.9808286,
            40.6598496
          ],
          [
            -73.980875,
            40.659794
          ],
          [
            -73.9809248,
            40.659736
          ],
          [
            -73.9810494,
            40.65959
          ],
          [
            -73.9812271,
            40.6593821
          ],
          [
            -73.9816458,
            40.6588749
          ],
          [
            -73.9817165,
            40.6588087
          ],
          [
            -73.9817851,
            40.6587464
          ],
          [
            -73.9822182,
            40.6583261
          ],
          [
            -73.982275,
            40.658271
          ],
          [
            -73.9823266,
            40.6582209
          ],
          [
            -73.9828021,
            40.6577603
          ],
          [
            -73.9828555,
            40.6577125
          ],
          [
            -73.9829078,
            40.6576622
          ],
          [
            -73.982996,
            40.6575859
          ]
        ]
      }
    },
    {
      "type": "Feature",
      "id": "way/5676489",
      "properties": {
        "name": "Prospect Park West",
        "kind": "avenue"
      },
      "geometry": {
        "type": "LineString",
        "coordinates": [
          [
            -73.9704228,
            40.6726464
          ],
          [
            -73.9704407,
            40.6725699
          ],
          [
            -73.9704767,
            40.6724654
          ]
        ]
      }
    },
    {
      "type": "Feature",
      "id": "way/5676708",
      "properties": {
        "name": "7th Street",
        "kind": "street"
      },
      "geometry": {
        "type": "LineString",
        "coordinates": [
          [
            -73.985294,
            40.670385
          ],
          [
            -73.9851961,
            40.6703377
          ],
          [
            -73.9849464,
            40.6702172
          ],
          [
            -73.9830246,
            40.6692897
          ],
          [
            -73.982932,
            40.669245
          ],
          [
            -73.9828425,
            40.6692017
          ],
          [
            -73.9806841,
            40.6681586
          ],
          [
            -73.980569,
            40.668103
          ],
          [
            -73.9804741,
            40.6680571
          ],
          [
            -73.9783104,
            40.6670121
          ],
          [
            -73.978212,
            40.666963
          ],
          [
            -73.9781313,
            40.6669239
          ],
          [
            -73.9759367,
            40.6658599
          ],
          [
            -73.9758542,
            40.6658199
          ]
        ]
      }
    },
    {
      "type": "Feature",
      "id": "way/5676803",
      "properties": {
        "name": "Douglass Street",
        "kind": "street"
      },
      "geometry": {
        "type": "LineString",
        "coordinates": [
          [
            -73.984139,
            40.680246
          ],
          [
            -73.9840435,
            40.680209
          ],
          [
            -73.9819276,
            40.6793887
          ],
          [
            -73.9818151,
            40.6793451
          ],
          [
            -73.981696,
            40.6792987
          ],
          [
            -73.9815958,
            40.6792594
          ],
          [
            -73.9792705,
            40.6783477
          ],
          [
            -73.979144,
            40.6783627
          ]
        ]
      }
    },
    {
      "type": "Feature",
      "id": "way/5676957",
      "properties": {
        "name": "West Drive",
        "kind": "street"
      },
      "geometry": {
        "type": "LineString",
        "coordinates": [
          [
            -73.9699928,
            40.6725772
          ],
          [
            -73.9699698,
            40.672543
          ],
          [
            -73.9699216,
            40.6724772
          ],
          [
            -73.9698663,
            40.6723812
          ],
          [
            -73.9698424,
            40.6723137
          ]
        ]
      }
    },
    {
      "type": "Feature",
      "id": "way/5677157",
      "properties": {
        "name": "Warren Street",
        "kind": "street"
      },
      "geometry": {
        "type": "LineString",
        "coordinates": [
          [
            -73.9778489,
            40.6802668
          ],
          [
            -73.9779822,
            40.6802565
          ],
          [
            -73.9803024,
            40.681163
          ],
          [
            -73.980404,
            40.6812027
          ],
          [
            -73.980523,
            40.6812492
          ]
        ]
      }
    },
    {
      "type": "Feature",
      "id": "way/5677511",
      "properties": {
        "name": "7th Avenue",
        "kind": "avenue"
      },
      "geometry": {
        "type": "LineString",
        "coordinates": [
          [
            -73.9730512,
            40.6779969
          ],
          [
            -73.973128,
            40.6778879
          ],
          [
            -73.9732153,
            40.6777639
          ],
          [
            -73.9732505,
            40.6777137
          ]
        ]
      }
    },
    {
      "type": "Feature",
      "id": "way/5677625",
      "properties": {
        "name": "2nd Street",
        "kind": "street"
      },
      "geometry": {
        "type": "LineString",
        "coordinates": [
          [
            -73.9732522,
            40.6688004
          ],
          [
            -73.9733329,
            40.6688396
          ]
        ]
      }
    },
    {
      "type": "Feature",
      "id": "way/5677661",
      "properties": {
        "name": "17th Street",
        "kind": "street"
      },
      "geometry": {
        "type": "LineString",
        "coordinates": [
          [
            -73.986682,
            40.66093
          ],
          [
            -73.9865875,
            40.6608729
          ],
          [
            -73.9845678,
            40.6596513
          ],
          [
            -73.98448,
            40.659598
          ],
          [
            -73.9844023,
            40.6595507
          ],
          [
            -73.9833255,
            40.6589032
          ],
          [
            -73.9823646,
            40.6583245
          ],
          [
            -73.982275,
            40.658271
          ],
          [
            -73.982195,
            40.6582215
          ],
          [
            -73.9802024,
            40.6570199
          ],
          [
            -73.9801584,
            40.6569934
          ],
          [
            -73.98007,
            40.65694
          ],
          [
            -73.979992,
            40.6568928
          ],
          [
            -73.9780103,
            40.6556954
          ],
          [
            -73.9779595,
            40.6556647
          ],
          [
            -73.977869,
            40.65561
          ],
          [
            -73.9777995,
            40.6555665
          ],
          [
            -73.9771643,
            40.6551687
          ],
          [
            -73.977077,
            40.655114
          ]
        ]
      }
    },
    {
      "type": "Feature",
      "id": "way/5678275",
      "properties": {
        "name": "11th Street",
        "kind": "street"
      },
      "geometry": {
        "type": "LineString",
        "coordinates": [
          [
            -73.977789,
            40.6633825
          ],
          [
            -73.9778548,
            40.6634134
          ]
        ]
      }
    },
    {
      "type": "Feature",
      "id": "way/5678277",
      "properties": {
        "name": "5th Street",
        "kind": "street"
      },
      "geometry": {
        "type": "LineString",
        "coordinates": [
          [
            -73.986771,
            40.6727919
          ],
          [
            -73.9866527,
            40.6727347
          ],
          [
            -73.9865602,
            40.6726899
          ],
          [
            -73.9860547,
            40.6724453
          ],
          [
            -73.9851606,
            40.6720135
          ],
          [
            -73.9843972,
            40.6716433
          ],
          [
            -73.9842885,
            40.6715907
          ],
          [
            -73.9841958,
            40.6715458
          ],
          [
            -73.9820218,
            40.6704939
          ],
          [
            -73.981927,
            40.670448
          ],
          [
            -73.9818474,
            40.6704098
          ],
          [
            -73.9796767,
            40.6693591
          ],
          [
            -73.9795683,
            40.6693066
          ],
          [
            -73.9794752,
            40.6692616
          ],
          [
            -73.979059,
            40.6690602
          ],
          [
            -73.978547,
            40.6688124
          ],
          [
            -73.9773032,
            40.6682106
          ],
          [
            -73.9772105,
            40.6681657
          ],
          [
            -73.9771211,
            40.6681224
          ],
          [
            -73.9749373,
            40.6670653
          ],
          [
            -73.9748539,
            40.6670245
          ]
        ]
      }
    },
    {
      "type": "Feature",
      "id": "way/5678509",
      "properties": {
        "name": "Calder Place",
        "kind": "street"
      },
      "geometry": {
        "type": "LineString",
        "coordinates": [
          [
            -73.987221,
            40.66213
          ],
          [
            -73.9872844,
            40.6620702
          ],
          [
            -73.9876416,
            40.661733
          ],
          [
            -73.9876849,
            40.6616921
          ],
          [
            -73.9877305,
            40.6616491
          ],
          [
            -73.98774,
            40.661602
          ]
        ]
      }
    },
    {
      "type": "Feature",
      "id": "way/5679109",
      "properties": {
        "name": "1st Street",
        "kind": "street"
      },
      "geometry": {
        "type": "LineString",
        "coordinates": [
          [
            -73.987002,
            40.6762779
          ],
          [
            -73.9869018,
            40.6762298
          ],
          [
            -73.9862323,
            40.6759082
          ],
          [
            -73.9856757,
            40.6756409
          ],
          [
            -73.9855756,
            40.6755929
          ],
          [
            -73.9855265,
            40.6755693
          ],
          [
            -73.9848672,
            40.6752527
          ],
          [
            -73.9847714,
            40.6752067
          ],
          [
            -73.9846314,
            40.6751392
          ]
        ]
      }
    },
    {
      "type": "Feature",
      "id": "way/5679435",
      "properties": {
        "name": "13th Street",
        "kind": "street"
      },
      "geometry": {
        "type": "LineString",
        "coordinates": [
          [
            -73.9788575,
            40.6622102
          ],
          [
            -73.9789496,
            40.6622544
          ],
          [
            -73.981143,
            40.6633076
          ],
          [
            -73.981225,
            40.663347
          ],
          [
            -73.981325,
            40.6633954
          ],
          [
            -73.982816,
            40.6641166
          ],
          [
            -73.9834926,
            40.6644438
          ],
          [
            -73.983586,
            40.664489
          ],
          [
            -73.9836939,
            40.6645411
          ],
          [
            -73.9858521,
            40.6655837
          ],
          [
            -73.985948,
            40.66563
          ],
          [
            -73.9860363,
            40.6656727
          ],
          [
            -73.9882113,
            40.6667229
          ],
          [
            -73.988307,
            40.66677
          ],
          [
            -73.9884218,
            40.6668242
          ],
          [
            -73.9899314,
            40.66756
          ],
          [
            -73.9905809,
            40.6678758
          ],
          [
            -73.9906559,
            40.6679123
          ]
        ]
      }
    },
    {
      "type": "Feature",
      "id": "way/5679445",
      "properties": {
        "name": "Prospect Avenue",
        "kind": "street"
      },
      "geometry": {
        "type": "LineString",
        "coordinates": [
          [
            -73.9922246,
            40.66516
          ],
          [
            -73.9926376,
            40.6654055
          ],
          [
            -73.9927351,
            40.6654635
          ]
        ]
      }
    },
    {
      "type": "Feature",
      "id": "way/5679694",
      "properties": {
        "name": "Garfield Place",
        "kind": "street"
      },
      "geometry": {
        "type": "LineString",
        "coordinates": [
          [
            -73.9722657,
            40.6700046
          ],
          [
            -73.9723329,
            40.6700364
          ]
        ]
      }
    },
    {
      "type": "Feature",
      "id": "way/5679762",
      "properties": {
        "name": "President Street",
        "kind": "street"
      },
      "geometry": {
        "type": "LineString",
        "coordinates": [
          [
            -73.9708665,
            40.6718751
          ],
          [
            -73.9709717,
            40.6719172
          ],
          [
            -73.9732962,
            40.6728304
          ],
          [
            -73.973376,
            40.6728617
          ],
          [
            -73.9734691,
            40.6728975
          ],
          [
            -73.9758068,
            40.673795
          ],
          [
            -73.9758924,
            40.6738279
          ],
          [
            -73.9759903,
            40.6738651
          ],
          [
            -73.9766174,
            40.6741095
          ],
          [
            -73.9775637,
            40.6744782
          ],
          [
            -73.9783146,
            40.6747708
          ],
          [
            -73.9783923,
            40.674801
          ],
          [
            -73.97848,
            40.6748352
          ],
          [
            -73.9808165,
            40.6757462
          ],
          [
            -73.9808972,
            40.6757777
          ],
          [
            -73.9809868,
            40.6758127
          ],
          [
            -73.9833155,
            40.6767216
          ],
          [
            -73.9833952,
            40.6767527
          ],
          [
            -73.9835406,
            40.6768098
          ],
          [
            -73.9836465,
            40.6768507
          ],
          [
            -73.9845482,
            40.677199
          ],
          [
            -73.9847183,
            40.6772647
          ],
          [
            -73.9855673,
            40.6775927
          ],
          [
            -73.9857738,
            40.6776722
          ],
          [
            -73.9858597,
            40.6777053
          ],
          [
            -73.9859699,
            40.6777483
          ],
          [
            -73.98772,
            40.6784318
          ],
          [
            -73.9877568,
            40.6784462
          ],
          [
            -73.9878232,
            40.6784721
          ]
        ]
      }
    },
    {
      "type": "Feature",
      "id": "way/5679865",
      "properties": {
        "name": "16th Street",
        "kind": "street"
      },
      "geometry": {
        "type": "LineString",
        "coordinates": [
          [
            -73.9921647,
            40.6661014
          ],
          [
            -73.9923019,
            40.6661677
          ]
        ]
      }
    },
    {
      "type": "Feature",
      "id": "way/5680039",
      "properties": {
        "name": "Montgomery Place",
        "kind": "street"
      },
      "geometry": {
        "type": "LineString",
        "coordinates": [
          [
            -73.9718319,
            40.6706411
          ],
          [
            -73.9719142,
            40.670681
          ],
          [
            -73.9740484,
            40.6717149
          ],
          [
            -73.9740989,
            40.6717399
          ],
          [
            -73.974188,
            40.671784
          ]
        ]
      }
    },
    {
      "type": "Feature",
      "id": "way/5680116",
      "properties": {
        "name": "Lincoln Place",
        "kind": "street"
      },
      "geometry": {
        "type": "LineString",
        "coordinates": [
          [
            -73.971429,
            40.674502
          ],
          [
            -73.9715229,
            40.6745384
          ],
          [
            -73.9720231,
            40.6747304
          ],
          [
            -73.972095,
            40.674758
          ],
          [
            -73.9721797,
            40.6747912
          ],
          [
            -73.973246,
            40.6752061
          ],
          [
            -73.9737545,
            40.6754039
          ],
          [
            -73.9745129,
            40.6756992
          ],
          [
            -73.974597,
            40.675732
          ],
          [
            -73.9746943,
            40.6757699
          ],
          [
            -73.9770271,
            40.6766779
          ],
          [
            -73.977102,
            40.676707
          ],
          [
            -73.977195,
            40.6767433
          ],
          [
            -73.9786592,
            40.6773141
          ],
          [
            -73.9794956,
            40.6776402
          ],
          [
            -73.9795185,
            40.6776491
          ],
          [
            -73.9796051,
            40.6776828
          ]
        ]
      }
    },
    {
      "type": "Feature",
      "id": "way/5680419",
      "properties": {
        "name": "4th Street",
        "kind": "street"
      },
      "geometry": {
        "type": "LineString",
        "coordinates": [
          [
            -73.9743437,
            40.6676296
          ],
          [
            -73.9744295,
            40.6676711
          ],
          [
            -73.9766302,
            40.6687311
          ],
          [
            -73.9767051,
            40.6687698
          ],
          [
            -73.9767927,
            40.6688121
          ],
          [
            -73.9789727,
            40.6698648
          ],
          [
            -73.9790639,
            40.6699088
          ],
          [
            -73.9791733,
            40.6699616
          ],
          [
            -73.9813474,
            40.6710114
          ],
          [
            -73.9814267,
            40.6710497
          ],
          [
            -73.9815215,
            40.6710955
          ],
          [
            -73.9836957,
            40.6721452
          ],
          [
            -73.9837886,
            40.6721901
          ]
        ]
      }
    },
    {
      "type": "Feature",
      "id": "way/5680532",
      "properties": {
        "name": "Gregory Place",
        "kind": "street"
      },
      "geometry": {
        "type": "LineString",
        "coordinates": [
          [
            -73.9791218,
            40.6798953
          ],
          [
            -73.9791587,
            40.6798415
          ],
          [
            -73.979493,
            40.6793546
          ],
          [
            -73.9795159,
            40.6793211
          ],
          [
            -73.9795479,
            40.6792747
          ]
        ]
      }
    },
    {
      "type": "Feature",
      "id": "way/5680549",
      "properties": {
        "name": "Saint Marks Avenue",
        "kind": "street"
      },
      "geometry": {
        "type": "LineString",
        "coordinates": [
          [
            -73.9749273,
            40.679917
          ],
          [
            -73.9748257,
            40.6799243
          ],
          [
            -73.9745325,
            40.6798116
          ],
          [
            -73.9743245,
            40.6797501
          ]
        ]
      }
    },
    {
      "type": "Feature",
      "id": "way/5680835",
      "properties": {
        "name": "Windsor Place",
        "kind": "street"
      },
      "geometry": {
        "type": "LineString",
        "coordinates": [
          [
            -73.983237,
            40.660937
          ],
          [
            -73.9833326,
            40.6609834
          ],
          [
            -73.9854378,
            40.6620043
          ],
          [
            -73.9855011,
            40.6620349
          ],
          [
            -73.985596,
            40.662081
          ]
        ]
      }
    },
    {
      "type": "Feature",
      "id": "way/5681034",
      "properties": {
        "name": "Degraw Street",
        "kind": "street"
      },
      "geometry": {
        "type": "LineString",
        "coordinates": [
          [
            -73.9796051,
            40.6776828
          ],
          [
            -73.9797015,
            40.6777205
          ],
          [
            -73.9820206,
            40.6786277
          ],
          [
            -73.982123,
            40.6786677
          ]
        ]
      }
    },
    {
      "type": "Feature",
      "id": "way/5681202",
      "properties": {
        "name": "8th Street",
        "kind": "street"
      },
      "geometry": {
        "type": "LineString",
        "coordinates": [
          [
            -73.9763522,
            40.6652136
          ],
          [
            -73.9764388,
            40.6652556
          ],
          [
            -73.9786329,
            40.6663211
          ],
          [
            -73.978715,
            40.666361
          ],
          [
            -73.9788119,
            40.6664078
          ],
          [
            -73.9809754,
            40.6674523
          ],
          [
            -73.98107,
            40.667498
          ]
        ]
      }
    },
    {
      "type": "Feature",
      "id": "way/5681236",
      "properties": {
        "name": "Polhemus Place",
        "kind": "street"
      },
      "geometry": {
        "type": "LineString",
        "coordinates": [
          [
            -73.9754874,
            40.6728711
          ],
          [
            -73.9755294,
            40.6728204
          ],
          [
            -73.9755521,
            40.672793
          ],
          [
            -73.976198,
            40.6720116
          ],
          [
            -73.9762191,
            40.6719861
          ],
          [
            -73.976263,
            40.671933
          ]
        ]
      }
    },
    {
      "type": "Feature",
      "id": "way/5681248",
      "properties": {
        "name": "Saint Marks Place",
        "kind": "street"
      },
      "geometry": {
        "type": "LineString",
        "coordinates": [
          [
            -73.982423,
            40.682783
          ],
          [
            -73.9823353,
            40.682749
          ],
          [
            -73.9802095,
            40.681926
          ],
          [
            -73.9800945,
            40.6818815
          ]
        ]
      }
    },
    {
      "type": "Feature",
      "id": "way/5681340",
      "properties": {
        "name": "Webster Place",
        "kind": "street"
      },
      "geometry": {
        "type": "LineString",
        "coordinates": [
          [
            -73.987569,
            40.662339
          ],
          [
            -73.9875118,
            40.6624078
          ],
          [
            -73.9867255,
            40.6633524
          ],
          [
            -73.9867025,
            40.66338
          ],
          [
            -73.986655,
            40.663437
          ]
        ]
      }
    },
    {
      "type": "Feature",
      "id": "way/5681544",
      "properties": {
        "name": "Saint Johns Place",
        "kind": "street"
      },
      "geometry": {
        "type": "LineString",
        "coordinates": [
          [
            -73.979144,
            40.6783627
          ],
          [
            -73.9790249,
            40.6783799
          ],
          [
            -73.9767006,
            40.6774643
          ],
          [
            -73.976616,
            40.677431
          ],
          [
            -73.9765349,
            40.6773993
          ],
          [
            -73.9760965,
            40.6772281
          ],
          [
            -73.9746382,
            40.6766587
          ],
          [
            -73.9742025,
            40.6764885
          ],
          [
            -73.974109,
            40.676452
          ],
          [
            -73.9740176,
            40.6764165
          ],
          [
            -73.9717033,
            40.6755035
          ],
          [
            -73.9716321,
            40.6754763
          ],
          [
            -73.9715442,
            40.6754415
          ],
          [
            -73.9712716,
            40.6753374
          ],
          [
            -73.9711375,
            40.6752861
          ],
          [
            -73.971046,
            40.6752484
          ]
        ]
      }
    },
    {
      "type": "Feature",
      "id": "way/5681794",
      "properties": {
        "name": "15th Street",
        "kind": "street"
      },
      "geometry": {
        "type": "LineString",
        "coordinates": [
          [
            -73.9801325,
            40.6611752
          ],
          [
            -73.9802022,
            40.6611846
          ],
          [
            -73.980279,
            40.6611982
          ],
          [
            -73.9821395,
            40.6621017
          ],
          [
            -73.982231,
            40.662142
          ]
        ]
      }
    },
    {
      "type": "Feature",
      "id": "way/5681969",
      "properties": {
        "name": "Park Place",
        "kind": "street"
      },
      "geometry": {
        "type": "LineString",
        "coordinates": [
          [
            -73.9782781,
            40.6796349
          ],
          [
            -73.9781639,
            40.6796515
          ],
          [
            -73.9758392,
            40.6787355
          ],
          [
            -73.975749,
            40.6787
          ],
          [
            -73.9756762,
            40.6786713
          ],
          [
            -73.9733426,
            40.6777505
          ],
          [
            -73.9732505,
            40.6777137
          ]
        ]
      }
    },
    {
      "type": "Feature",
      "id": "way/5682079",
      "properties": {
        "name": "Jackson Place",
        "kind": "street"
      },
      "geometry": {
        "type": "LineString",
        "coordinates": [
          [
            -73.985893,
            40.663069
          ],
          [
            -73.9859388,
            40.6630141
          ],
          [
            -73.9867727,
            40.6620139
          ],
          [
            -73.9868015,
            40.6619794
          ],
          [
            -73.986856,
            40.661914
          ]
        ]
      }
    },
    {
      "type": "Feature",
      "id": "way/5682095",
      "properties": {
        "name": "Plaza Street West",
        "kind": "street"
      },
      "geometry": {
        "type": "LineString",
        "coordinates": [
          [
            -73.971046,
            40.6752484
          ],
          [
            -73.9711337,
            40.6751359
          ],
          [
            -73.971169,
            40.675073
          ],
          [
            -73.971263,
            40.674916
          ],
          [
            -73.971345,
            40.674747
          ],
          [
            -73.971409,
            40.674573
          ],
          [
            -73.971429,
            40.674502
          ],
          [
            -73.971461,
            40.674332
          ],
          [
            -73.9714817,
            40.6741185
          ],
          [
            -73.9714847,
            40.6739934
          ],
          [
            -73.971475,
            40.6738873
          ],
          [
            -73.9714705,
            40.6738212
          ],
          [
            -73.9714654,
            40.6737834
          ],
          [
            -73.9714148,
            40.6735892
          ],
          [
            -73.9713769,
            40.6734733
          ],
          [
            -73.9713253,
            40.6733501
          ],
          [
            -73.9712515,
            40.6732162
          ],
          [
            -73.9711925,
            40.6731134
          ],
          [
            -73.9711298,
            40.6730225
          ],
          [
            -73.9710411,
            40.6729207
          ],
          [
            -73.9709724,
            40.6728406
          ]
        ]
      }
    },
    {
      "type": "Feature",
      "id": "way/5682143",
      "properties": {
        "name": "Fiske Place",
        "kind": "street"
      },
      "geometry": {
        "type": "LineString",
        "coordinates": [
          [
            -73.97467,
            40.6725514
          ],
          [
            -73.9747091,
            40.6725043
          ],
          [
            -73.9747305,
            40.6724785
          ],
          [
            -73.9754282,
            40.6716391
          ],
          [
            -73.9754486,
            40.6716146
          ],
          [
            -73.975494,
            40.67156
          ]
        ]
      }
    },
    {
      "type": "Feature",
      "id": "way/5682175",
      "properties": {
        "name": "Pacific Street",
        "kind": "street"
      },
      "geometry": {
        "type": "LineString",
        "coordinates": [
          [
            -73.9787032,
            40.6837521
          ],
          [
            -73.9785876,
            40.6837044
          ],
          [
            -73.9780059,
            40.6834793
          ],
          [
            -73.9770379,
            40.6831018
          ],
          [
            -73.9769772,
            40.6830983
          ],
          [
            -73.9769186,
            40.6831105
          ],
          [
            -73.9768606,
            40.6831286
          ],
          [
            -73.9767912,
            40.6831503
          ]
        ]
      }
    },
    {
      "type": "Feature",
      "id": "way/27524495",
      "properties": {
        "name": "Saint Marks Avenue",
        "kind": "street"
      },
      "geometry": {
        "type": "LineString",
        "coordinates": [
          [
            -73.9774513,
            40.6808516
          ],
          [
            -73.9773725,
            40.6808208
          ],
          [
            -73.9750432,
            40.6799099
          ],
          [
            -73.9749273,
            40.679917
          ]
        ]
      }
    },
    {
      "type": "Feature",
      "id": "way/37447362",
      "properties": {
        "name": "Plaza Street West",
        "kind": "street"
      },
      "geometry": {
        "type": "LineString",
        "coordinates": [
          [
            -73.9709048,
            40.6727228
          ],
          [
            -73.9705499,
            40.6726633
          ],
          [
            -73.9705081,
            40.6726563
          ],
          [
            -73.9704228,
            40.6726464
          ]
        ]
      }
    },
    {
      "type": "Feature",
      "id": "way/37793000",
      "properties": {
        "name": "9th Street",
        "kind": "street"
      },
      "geometry": {
        "type": "LineString",
        "coordinates": [
          [
            -73.9881737,
            40.6700837
          ],
          [
            -73.9867707,
            40.6694002
          ]
        ]
      }
    },
    {
      "type": "Feature",
      "id": "way/40785409",
      "properties": {
        "name": "Union Street",
        "kind": "street"
      },
      "geometry": {
        "type": "LineString",
        "coordinates": [
          [
            -73.9850211,
            40.6781857
          ],
          [
            -73.9846323,
            40.6780349
          ],
          [
            -73.9843821,
            40.6779379
          ],
          [
            -73.9841727,
            40.6778567
          ],
          [
            -73.983211,
            40.6774835
          ],
          [
            -73.9831091,
            40.677444
          ],
          [
            -73.9829703,
            40.6773896
          ]
        ]
      }
    },
    {
      "type": "Feature",
      "id": "way/43242480",
      "properties": {
        "name": "Prospect Park West",
        "kind": "avenue"
      },
      "geometry": {
        "type": "LineString",
        "coordinates": [
          [
            -73.982996,
            40.6575859
          ],
          [
            -73.9833048,
            40.6572874
          ]
        ]
      }
    },
    {
      "type": "Feature",
      "id": "way/43242499",
      "properties": {
        "name": "6th Avenue",
        "kind": "avenue"
      },
      "geometry": {
        "type": "LineString",
        "coordinates": [
          [
            -73.9779581,
            40.6754423
          ],
          [
            -73.9780043,
            40.6753741
          ],
          [
            -73.9783492,
            40.6748647
          ],
          [
            -73.9783923,
            40.674801
          ],
          [
            -73.9784252,
            40.6747528
          ],
          [
            -73.9787854,
            40.6742272
          ],
          [
            -73.9788282,
            40.6741637
          ],
          [
            -73.9788651,
            40.6741195
          ],
          [
            -73.9793669,
            40.6735176
          ],
          [
            -73.979415,
            40.67346
          ],
          [
            -73.9794565,
            40.6734102
          ],
          [
            -73.9798742,
            40.6729093
          ],
          [
            -73.979917,
            40.672858
          ],
          [
            -73.9799599,
            40.6728065
          ],
          [
            -73.9803715,
            40.6723119
          ],
          [
            -73.980418,
            40.672256
          ],
          [
            -73.9804601,
            40.6722059
          ],
          [
            -73.9808667,
            40.671722
          ],
          [
            -73.980923,
            40.671655
          ],
          [
            -73.9809744,
            40.6715932
          ],
          [
            -73.9813766,
            40.67111
          ],
          [
            -73.9814267,
            40.6710497
          ],
          [
            -73.9814664,
            40.671002
          ],
          [
            -73.9818807,
            40.6705037
          ],
          [
            -73.981927,
            40.670448
          ],
          [
            -73.9819678,
            40.6703991
          ],
          [
            -73.9823818,
            40.6699025
          ],
          [
            -73.9824292,
            40.6698456
          ],
          [
            -73.9824676,
            40.6697997
          ],
          [
            -73.9828883,
            40.6692972
          ],
          [
            -73.982932,
            40.669245
          ],
          [
            -73.9829787,
            40.6691898
          ],
          [
            -73.9833941,
            40.6687017
          ],
          [
            -73.983439,
            40.6686491
          ]
        ]
      }
    },
    {
      "type": "Feature",
      "id": "way/43242501",
      "properties": {
        "name": "6th Avenue",
        "kind": "avenue"
      },
      "geometry": {
        "type": "LineString",
        "coordinates": [
          [
            -73.9888624,
            40.6623011
          ],
          [
            -73.9889045,
            40.6622639
          ],
          [
            -73.9890294,
            40.662144
          ],
          [
            -73.9894177,
            40.6617489
          ],
          [
            -73.98947,
            40.661699
          ],
          [
            -73.9895228,
            40.6616483
          ],
          [
            -73.9899995,
            40.6611895
          ],
          [
            -73.990052,
            40.661139
          ],
          [
            -73.9901023,
            40.6610907
          ],
          [
            -73.990577,
            40.6606347
          ],
          [
            -73.990635,
            40.660579
          ]
        ]
      }
    },
    {
      "type": "Feature",
      "id": "way/43242540",
      "properties": {
        "name": "5th Avenue",
        "kind": "avenue"
      },
      "geometry": {
        "type": "LineString",
        "coordinates": [
          [
            -73.9907926,
            40.663872
          ],
          [
            -73.9910389,
            40.6636372
          ],
          [
            -73.991089,
            40.66359
          ],
          [
            -73.9911403,
            40.6635406
          ],
          [
            -73.9916214,
            40.6630777
          ],
          [
            -73.991673,
            40.663028
          ],
          [
            -73.9917237,
            40.6629793
          ],
          [
            -73.9921987,
            40.662523
          ],
          [
            -73.992255,
            40.662469
          ]
        ]
      }
    },
    {
      "type": "Feature",
      "id": "way/43247771",
      "properties": {
        "name": "Prospect Expressway",
        "kind": "street"
      },
      "geometry": {
        "type": "LineString",
        "coordinates": [
          [
            -73.9942071,
            40.6660171
          ],
          [
            -73.9927282,
            40.665155
          ]
        ]
      }
    },
    {
      "type": "Feature",
      "id": "way/46137513",
      "properties": {
        "name": "16th Street",
        "kind": "street"
      },
      "geometry": {
        "type": "LineString",
        "coordinates": [
          [
            -73.9921647,
            40.6661014
          ],
          [
            -73.9920733,
            40.6660571
          ],
          [
            -73.99035,
            40.6652222
          ],
          [
            -73.9899198,
            40.6650138
          ],
          [
            -73.989815,
            40.664963
          ],
          [
            -73.9897112,
            40.6649129
          ],
          [
            -73.989048,
            40.6645928
          ],
          [
            -73.9882895,
            40.6642268
          ],
          [
            -73.987546,
            40.6638679
          ],
          [
            -73.987453,
            40.663823
          ],
          [
            -73.9873592,
            40.6637776
          ],
          [
            -73.986655,
            40.663437
          ],
          [
            -73.985893,
            40.663069
          ],
          [
            -73.9855782,
            40.6629161
          ],
          [
            -73.9851942,
            40.6627297
          ],
          [
            -73.985094,
            40.662681
          ],
          [
            -73.9849847,
            40.6626281
          ],
          [
            -73.982829,
            40.661586
          ],
          [
            -73.982732,
            40.661539
          ],
          [
            -73.9826461,
            40.6614971
          ]
        ]
      }
    },
    {
      "type": "Feature",
      "id": "way/46137517",
      "properties": {
        "name": "8th Avenue",
        "kind": "avenue"
      },
      "geometry": {
        "type": "LineString",
        "coordinates": [
          [
            -73.9850837,
            40.6590393
          ],
          [
            -73.9850191,
            40.6590965
          ],
          [
            -73.9845293,
            40.6595507
          ],
          [
            -73.98448,
            40.659598
          ],
          [
            -73.9844273,
            40.6596482
          ],
          [
            -73.9839856,
            40.6600716
          ],
          [
            -73.983918,
            40.660137
          ],
          [
            -73.9838609,
            40.6602038
          ],
          [
            -73.9832811,
            40.6608852
          ],
          [
            -73.983237,
            40.660937
          ],
          [
            -73.9831856,
            40.6609982
          ],
          [
            -73.9830365,
            40.661176
          ],
          [
            -73.9829282,
            40.6613051
          ],
          [
            -73.9827757,
            40.6614868
          ],
          [
            -73.982732,
            40.661539
          ],
          [
            -73.9826858,
            40.6615944
          ],
          [
            -73.9822762,
            40.66209
          ],
          [
            -73.982231,
            40.662142
          ]
        ]
      }
    },
    {
      "type": "Feature",
      "id": "way/46137550",
      "properties": {
        "name": "Plaza Street West",
        "kind": "street"
      },
      "geometry": {
        "type": "LineString",
        "coordinates": [
          [
            -73.9700414,
            40.6726408
          ],
          [
            -73.9697637,
            40.6726409
          ],
          [
            -73.9696532,
            40.672641
          ]
        ]
      }
    },
    {
      "type": "Feature",
      "id": "way/46846358",
      "properties": {
        "name": "17th Street",
        "kind": "street"
      },
      "geometry": {
        "type": "LineString",
        "coordinates": [
          [
            -73.9925255,
            40.6644528
          ],
          [
            -73.9911851,
            40.6636476
          ],
          [
            -73.991089,
            40.66359
          ],
          [
            -73.9909942,
            40.6635328
          ],
          [
            -73.9890073,
            40.6623353
          ],
          [
            -73.988976,
            40.6623164
          ],
          [
            -73.9889045,
            40.6622639
          ]
        ]
      }
    },
    {
      "type": "Feature",
      "id": "way/46846378",
      "properties": {
        "name": "12th Street",
        "kind": "street"
      },
      "geometry": {
        "type": "LineString",
        "coordinates": [
          [
            -73.9948939,
            40.6707919
          ],
          [
            -73.9947946,
            40.6707525
          ],
          [
            -73.9942942,
            40.6705103
          ],
          [
            -73.9940444,
            40.6703894
          ],
          [
            -73.9926309,
            40.6697053
          ],
          [
            -73.992527,
            40.669655
          ],
          [
            -73.9924174,
            40.6696021
          ],
          [
            -73.9903902,
            40.6686235
          ],
          [
            -73.9902887,
            40.6685749
          ]
        ]
      }
    },
    {
      "type": "Feature",
      "id": "way/46846379",
      "properties": {
        "name": "10th Street",
        "kind": "street"
      },
      "geometry": {
        "type": "LineString",
        "coordinates": [
          [
            -73.9938908,
            40.6719924
          ],
          [
            -73.9937962,
            40.6719636
          ],
          [
            -73.9916255,
            40.6709112
          ],
          [
            -73.991522,
            40.670861
          ],
          [
            -73.9914221,
            40.6708143
          ],
          [
            -73.9893763,
            40.669833
          ],
          [
            -73.9892762,
            40.669785
          ]
        ]
      }
    },
    {
      "type": "Feature",
      "id": "way/46865766",
      "properties": {
        "name": "5th Avenue",
        "kind": "avenue"
      },
      "geometry": {
        "type": "LineString",
        "coordinates": [
          [
            -73.9762827,
            40.682447
          ],
          [
            -73.976343,
            40.6824166
          ],
          [
            -73.9764077,
            40.682384
          ],
          [
            -73.9764456,
            40.6823298
          ],
          [
            -73.9765505,
            40.6821747
          ],
          [
            -73.9765899,
            40.6821187
          ]
        ]
      }
    },
    {
      "type": "Feature",
      "id": "way/46865767",
      "properties": {
        "name": "Bergen Street",
        "kind": "street"
      },
      "geometry": {
        "type": "LineString",
        "coordinates": [
          [
            -73.9770217,
            40.6814835
          ],
          [
            -73.9771244,
            40.6815241
          ],
          [
            -73.9794449,
            40.6824418
          ],
          [
            -73.9795513,
            40.6824839
          ],
          [
            -73.9796671,
            40.6825229
          ]
        ]
      }
    },
    {
      "type": "Feature",
      "id": "way/47344866",
      "properties": {
        "name": "5th Avenue",
        "kind": "avenue"
      },
      "geometry": {
        "type": "LineString",
        "coordinates": [
          [
            -73.9905704,
            40.6640821
          ],
          [
            -73.9907926,
            40.663872
          ]
        ]
      }
    },
    {
      "type": "Feature",
      "id": "way/68523765",
      "properties": {
        "name": "5th Avenue",
        "kind": "avenue"
      },
      "geometry": {
        "type": "LineString",
        "coordinates": [
          [
            -73.9786704,
            40.6790543
          ],
          [
            -73.9787169,
            40.6789871
          ],
          [
            -73.9789038,
            40.6787169
          ],
          [
            -73.9790993,
            40.6784286
          ],
          [
            -73.979144,
            40.6783627
          ],
          [
            -73.9791779,
            40.6783128
          ],
          [
            -73.9795663,
            40.6777401
          ],
          [
            -73.9796051,
            40.6776828
          ],
          [
            -73.9796404,
            40.6776308
          ],
          [
            -73.9796538,
            40.6776106
          ],
          [
            -73.9799822,
            40.6771269
          ],
          [
            -73.9799948,
            40.6771083
          ],
          [
            -73.9800344,
            40.6770499
          ]
        ]
      }
    },
    {
      "type": "Feature",
      "id": "way/97010376",
      "properties": {
        "name": "East Drive",
        "kind": "street"
      },
      "geometry": {
        "type": "LineString",
        "coordinates": [
          [
            -73.9689823,
            40.6710409
          ],
          [
            -73.9691128,
            40.6711064
          ],
          [
            -73.9692317,
            40.6711784
          ],
          [
            -73.9693008,
            40.6712281
          ],
          [
            -73.9694011,
            40.6713131
          ],
          [
            -73.9694725,
            40.6713909
          ],
          [
            -73.9695395,
            40.6714921
          ],
          [
            -73.9695669,
            40.6715667
          ],
          [
            -73.9696041,
            40.6717671
          ],
          [
            -73.9696364,
            40.6719889
          ],
          [
            -73.9696669,
            40.6721559
          ],
          [
            -73.9696754,
            40.672213
          ]
        ]
      }
    },
    {
      "type": "Feature",
      "id": "way/97010412",
      "properties": {
        "name": "Union Street",
        "kind": "street"
      },
      "geometry": {
        "type": "LineString",
        "coordinates": [
          [
            -73.9729535,
            40.6734872
          ],
          [
            -73.972881,
            40.673459
          ],
          [
            -73.9711003,
            40.6727671
          ],
          [
            -73.9710546,
            40.6727491
          ],
          [
            -73.9709048,
            40.6727228
          ]
        ]
      }
    },
    {
      "type": "Feature",
      "id": "way/111781747",
      "properties": {
        "name": "5th Avenue",
        "kind": "avenue"
      },
      "geometry": {
        "type": "LineString",
        "coordinates": [
          [
            -73.9837886,
            40.6721901
          ],
          [
            -73.983828,
            40.6721429
          ],
          [
            -73.9842405,
            40.6716482
          ],
          [
            -73.9842885,
            40.6715907
          ],
          [
            -73.9843308,
            40.6715399
          ],
          [
            -73.9847412,
            40.6710473
          ],
          [
            -73.9847913,
            40.6709878
          ],
          [
            -73.9848307,
            40.6709405
          ],
          [
            -73.9852462,
            40.6704423
          ],
          [
            -73.985294,
            40.670385
          ]
        ]
      }
    },
    {
      "type": "Feature",
      "id": "way/117596214",
      "properties": {
        "name": "Prospect Expressway",
        "kind": "street"
      },
      "geometry": {
        "type": "LineString",
        "coordinates": [
          [
            -73.990829,
            40.6641782
          ],
          [
            -73.9909769,
            40.6642662
          ]
        ]
      }
    },
    {
      "type": "Feature",
      "id": "way/117596236",
      "properties": {
        "name": "Prospect Expressway",
        "kind": "street"
      },
      "geometry": {
        "type": "LineString",
        "coordinates": [
          [
            -73.9909714,
            40.6641069
          ],
          [
            -73.9902537,
            40.663661
          ]
        ]
      }
    },
    {
      "type": "Feature",
      "id": "way/122738319",
      "properties": {
        "name": "Prospect Expressway",
        "kind": "street"
      },
      "geometry": {
        "type": "LineString",
        "coordinates": [
          [
            -73.9902537,
            40.663661
          ],
          [
            -73.990166,
            40.6636025
          ],
          [
            -73.9900281,
            40.6635065
          ],
          [
            -73.98991,
            40.6634272
          ],
          [
            -73.9898032,
            40.6633508
          ],
          [
            -73.9897059,
            40.6632755
          ],
          [
            -73.9895662,
            40.6631596
          ],
          [
            -73.9892853,
            40.6629027
          ],
          [
            -73.9890954,
            40.6627202
          ],
          [
            -73.9889497,
            40.6625604
          ],
          [
            -73.9886795,
            40.6622341
          ],
          [
            -73.9875052,
            40.6606028
          ],
          [
            -73.9871615,
            40.6601454
          ],
          [
            -73.9868421,
            40.6597916
          ],
          [
            -73.9864344,
            40.6594191
          ]
        ]
      }
    },
    {
      "type": "Feature",
      "id": "way/123001149",
      "properties": {
        "name": "3rd Street",
        "kind": "street"
      },
      "geometry": {
        "type": "LineString",
        "coordinates": [
          [
            -73.9856511,
            40.6739438
          ],
          [
            -73.9855509,
            40.6738983
          ],
          [
            -73.9855385,
            40.6738927
          ],
          [
            -73.9854699,
            40.6738594
          ],
          [
            -73.9849468,
            40.6736052
          ],
          [
            -73.9845915,
            40.6734325
          ],
          [
            -73.984445,
            40.6733613
          ],
          [
            -73.9842123,
            40.6732482
          ],
          [
            -73.9841255,
            40.673206
          ],
          [
            -73.9834155,
            40.6728609
          ],
          [
            -73.9833952,
            40.6728511
          ],
          [
            -73.983283,
            40.6727965
          ]
        ]
      }
    },
    {
      "type": "Feature",
      "id": "way/123001160",
      "properties": {
        "name": "4th Avenue",
        "kind": "avenue"
      },
      "geometry": {
        "type": "LineString",
        "coordinates": [
          [
            -73.978061,
            40.6848845
          ],
          [
            -73.9780988,
            40.6848416
          ],
          [
            -73.9781316,
            40.6848006
          ],
          [
            -73.9781523,
            40.6847729
          ],
          [
            -73.9783237,
            40.6845236
          ],
          [
            -73.9783923,
            40.6844259
          ]
        ]
      }
    },
    {
      "type": "Feature",
      "id": "way/124801547",
      "properties": {
        "name": "Prospect Expressway",
        "kind": "street"
      },
      "geometry": {
        "type": "LineString",
        "coordinates": [
          [
            -73.9922678,
            40.6648831
          ],
          [
            -73.9909714,
            40.6641069
          ]
        ]
      }
    },
    {
      "type": "Feature",
      "id": "way/145079213",
      "properties": {
        "name": "Pacific Street",
        "kind": "street"
      },
      "geometry": {
        "type": "LineString",
        "coordinates": [
          [
            -73.9788027,
            40.6837888
          ],
          [
            -73.9789158,
            40.6838324
          ],
          [
            -73.9796661,
            40.6841217
          ],
          [
            -73.9810448,
            40.6846549
          ],
          [
            -73.981133,
            40.684689
          ]
        ]
      }
    },
    {
      "type": "Feature",
      "id": "way/154508307",
      "properties": {
        "name": "Grand Army Plaza",
        "kind": "street"
      },
      "geometry": {
        "type": "LineString",
        "coordinates": [
          [
            -73.970655,
            40.67435
          ],
          [
            -73.9706799,
            40.67428
          ],
          [
            -73.9706931,
            40.6742258
          ],
          [
            -73.9707058,
            40.6741561
          ],
          [
            -73.9707074,
            40.6741414
          ],
          [
            -73.970712,
            40.6741008
          ],
          [
            -73.9707166,
            40.6740127
          ],
          [
            -73.9707116,
            40.6739258
          ],
          [
            -73.9706942,
            40.6738323
          ],
          [
            -73.9706596,
            40.673701
          ],
          [
            -73.9704603,
            40.6734095
          ]
        ]
      }
    },
    {
      "type": "Feature",
      "id": "way/183103263",
      "properties": {
        "name": "Prospect Avenue",
        "kind": "street"
      },
      "geometry": {
        "type": "LineString",
        "coordinates": [
          [
            -73.9883236,
            40.6627982
          ],
          [
            -73.9884113,
            40.6628515
          ],
          [
            -73.9901271,
            40.6638914
          ]
        ]
      }
    },
    {
      "type": "Feature",
      "id": "way/183103775",
      "properties": {
        "name": "6th Avenue",
        "kind": "avenue"
      },
      "geometry": {
        "type": "LineString",
        "coordinates": [
          [
            -73.9885931,
            40.6625456
          ],
          [
            -73.9888624,
            40.6623011
          ]
        ]
      }
    },
    {
      "type": "Feature",
      "id": "way/183794630",
      "properties": {
        "name": "Prospect Expressway",
        "kind": "street"
      },
      "geometry": {
        "type": "LineString",
        "coordinates": [
          [
            -73.9926374,
            40.6652423
          ],
          [
            -73.9932899,
            40.6656216
          ],
          [
            -73.9939175,
            40.6660085
          ]
        ]
      }
    },
    {
      "type": "Feature",
      "id": "way/183794632",
      "properties": {
        "name": "Prospect Expressway",
        "kind": "street"
      },
      "geometry": {
        "type": "LineString",
        "coordinates": [
          [
            -73.9927282,
            40.665155
          ],
          [
            -73.9922678,
            40.6648831
          ]
        ]
      }
    },
    {
      "type": "Feature",
      "id": "way/221601322",
      "properties": {
        "name": "8th Avenue",
        "kind": "avenue"
      },
      "geometry": {
        "type": "LineString",
        "coordinates": [
          [
            -73.979224,
            40.665749
          ],
          [
            -73.9791535,
            40.6658338
          ],
          [
            -73.9787561,
            40.6663116
          ],
          [
            -73.978715,
            40.666361
          ],
          [
            -73.978668,
            40.6664173
          ],
          [
            -73.9782542,
            40.6669121
          ],
          [
            -73.978212,
            40.666963
          ],
          [
            -73.9781658,
            40.6670185
          ],
          [
            -73.9777518,
            40.6675157
          ],
          [
            -73.9777115,
            40.667564
          ],
          [
            -73.9776637,
            40.6676215
          ],
          [
            -73.9772546,
            40.6681127
          ],
          [
            -73.9772105,
            40.6681657
          ],
          [
            -73.9771645,
            40.6682209
          ],
          [
            -73.9771026,
            40.6682949
          ],
          [
            -73.9767469,
            40.6687199
          ],
          [
            -73.9767051,
            40.6687698
          ],
          [
            -73.9766674,
            40.6688152
          ],
          [
            -73.9762423,
            40.6693226
          ],
          [
            -73.976201,
            40.669372
          ],
          [
            -73.9761584,
            40.669424
          ],
          [
            -73.9757388,
            40.6699221
          ],
          [
            -73.975696,
            40.669973
          ],
          [
            -73.975651,
            40.6700273
          ],
          [
            -73.9752332,
            40.6705306
          ],
          [
            -73.975196,
            40.670576
          ],
          [
            -73.9751485,
            40.6706332
          ],
          [
            -73.9747367,
            40.6711285
          ],
          [
            -73.974698,
            40.671175
          ],
          [
            -73.9746514,
            40.6712306
          ],
          [
            -73.974188,
            40.671784
          ],
          [
            -73.9738584,
            40.6721774
          ],
          [
            -73.9738227,
            40.6722199
          ],
          [
            -73.9737795,
            40.6722804
          ],
          [
            -73.9734156,
            40.6728047
          ],
          [
            -73.973376,
            40.6728617
          ],
          [
            -73.9733444,
            40.6729121
          ],
          [
            -73.9729945,
            40.6734269
          ],
          [
            -73.9729535,
            40.6734872
          ],
          [
            -73.9729087,
            40.673554
          ],
          [
            -73.9725627,
            40.6740699
          ],
          [
            -73.972527,
            40.674123
          ],
          [
            -73.972487,
            40.6741818
          ],
          [
            -73.9721288,
            40.6747074
          ],
          [
            -73.972095,
            40.674758
          ],
          [
            -73.9720557,
            40.6748156
          ],
          [
            -73.9716711,
            40.675419
          ],
          [
            -73.9716321,
            40.6754763
          ]
        ]
      }
    },
    {
      "type": "Feature",
      "id": "way/221601323",
      "properties": {
        "name": "Prospect Park West",
        "kind": "avenue"
      },
      "geometry": {
        "type": "LineString",
        "coordinates": [
          [
            -73.976863,
            40.6646049
          ],
          [
            -73.9769405,
            40.6645118
          ],
          [
            -73.9773568,
            40.6640117
          ],
          [
            -73.9778126,
            40.6634641
          ],
          [
            -73.9778548,
            40.6634134
          ],
          [
            -73.9779006,
            40.6633584
          ],
          [
            -73.9783622,
            40.6628045
          ],
          [
            -73.9788575,
            40.6622102
          ],
          [
            -73.97932,
            40.6616553
          ],
          [
            -73.9793623,
            40.6616045
          ]
        ]
      }
    },
    {
      "type": "Feature",
      "id": "way/221601327",
      "properties": {
        "name": "15th Street",
        "kind": "street"
      },
      "geometry": {
        "type": "LineString",
        "coordinates": [
          [
            -73.982231,
            40.662142
          ],
          [
            -73.9823252,
            40.6621876
          ],
          [
            -73.9835295,
            40.6627727
          ],
          [
            -73.9844608,
            40.663221
          ],
          [
            -73.9844854,
            40.6632329
          ],
          [
            -73.984591,
            40.663284
          ],
          [
            -73.9846929,
            40.6633332
          ],
          [
            -73.9858496,
            40.6638976
          ],
          [
            -73.9868639,
            40.6643829
          ],
          [
            -73.986951,
            40.664425
          ],
          [
            -73.9870388,
            40.6644675
          ],
          [
            -73.9883843,
            40.6651183
          ],
          [
            -73.9891795,
            40.6655029
          ],
          [
            -73.9892096,
            40.6655176
          ],
          [
            -73.989312,
            40.665567
          ],
          [
            -73.9894251,
            40.6656209
          ],
          [
            -73.9906056,
            40.6661969
          ],
          [
            -73.99156,
            40.6666632
          ],
          [
            -73.9916587,
            40.6667075
          ]
        ]
      }
    },
    {
      "type": "Feature",
      "id": "way/221601329",
      "properties": {
        "name": "8th Avenue",
        "kind": "avenue"
      },
      "geometry": {
        "type": "LineString",
        "coordinates": [
          [
            -73.982231,
            40.662142
          ],
          [
            -73.9821834,
            40.662199
          ],
          [
            -73.9817701,
            40.6626935
          ],
          [
            -73.981728,
            40.662744
          ],
          [
            -73.9816803,
            40.6628013
          ],
          [
            -73.9812668,
            40.6632969
          ],
          [
            -73.981225,
            40.663347
          ],
          [
            -73.9811791,
            40.6634023
          ],
          [
            -73.9807585,
            40.6639085
          ],
          [
            -73.980724,
            40.66395
          ],
          [
            -73.9806835,
            40.6639985
          ],
          [
            -73.9802624,
            40.6645035
          ],
          [
            -73.980222,
            40.664552
          ],
          [
            -73.9801736,
            40.6646102
          ],
          [
            -73.9797595,
            40.6651075
          ],
          [
            -73.97972,
            40.665155
          ],
          [
            -73.9796729,
            40.6652114
          ],
          [
            -73.9792919,
            40.6656677
          ],
          [
            -73.979224,
            40.665749
          ]
        ]
      }
    },
    {
      "type": "Feature",
      "id": "way/221759331",
      "properties": {
        "name": "Atlantic Avenue",
        "kind": "street"
      },
      "geometry": {
        "type": "LineString",
        "coordinates": [
          [
            -73.9783923,
            40.6844259
          ],
          [
            -73.9782849,
            40.6843811
          ],
          [
            -73.9782141,
            40.6843523
          ],
          [
            -73.9780516,
            40.6842848
          ],
          [
            -73.9778197,
            40.6841955
          ],
          [
            -73.9777212,
            40.6841574
          ],
          [
            -73.9775942,
            40.6841088
          ],
          [
            -73.9774763,
            40.6840637
          ]
        ]
      }
    },
    {
      "type": "Feature",
      "id": "way/221759332",
      "properties": {
        "name": "4th Avenue",
        "kind": "avenue"
      },
      "geometry": {
        "type": "LineString",
        "coordinates": [
          [
            -73.9788027,
            40.6837888
          ],
          [
            -73.978844,
            40.6837266
          ],
          [
            -73.9791637,
            40.6832449
          ]
        ]
      }
    },
    {
      "type": "Feature",
      "id": "way/222254953",
      "properties": {
        "name": "Dean Street",
        "kind": "street"
      },
      "geometry": {
        "type": "LineString",
        "coordinates": [
          [
            -73.981562,
            40.684053
          ],
          [
            -73.9814731,
            40.6840183
          ],
          [
            -73.9809535,
            40.6838153
          ],
          [
            -73.9798385,
            40.6833797
          ],
          [
            -73.9793343,
            40.6831842
          ],
          [
            -73.9792307,
            40.683144
          ]
        ]
      }
    },
    {
      "type": "Feature",
      "id": "way/222266013",
      "properties": {
        "name": "4th Avenue",
        "kind": "avenue"
      },
      "geometry": {
        "type": "LineString",
        "coordinates": [
          [
            -73.9795513,
            40.6824839
          ],
          [
            -73.9795123,
            40.6825387
          ],
          [
            -73.9791533,
            40.6830434
          ],
          [
            -73.9791142,
            40.6830984
          ]
        ]
      }
    },
    {
      "type": "Feature",
      "id": "way/222278171",
      "properties": {
        "name": "Prospect Expressway",
        "kind": "street"
      },
      "geometry": {
        "type": "LineString",
        "coordinates": [
          [
            -73.9909769,
            40.6642662
          ],
          [
            -73.991583,
            40.6646181
          ],
          [
            -73.9926374,
            40.6652423
          ]
        ]
      }
    },
    {
      "type": "Feature",
      "id": "way/226998575",
      "properties": {
        "name": "Prospect Park West Bike Path",
        "kind": "street"
      },
      "geometry": {
        "type": "LineString",
        "coordinates": [
          [
            -73.9794684,
            40.6608078
          ],
          [
            -73.9794515,
            40.6608991
          ],
          [
            -73.9794412,
            40.6609331
          ],
          [
            -73.979434,
            40.660975
          ],
          [
            -73.9794343,
            40.6610219
          ],
          [
            -73.9794426,
            40.6610649
          ],
          [
            -73.9794592,
            40.6611089
          ],
          [
            -73.9794848,
            40.6611521
          ],
          [
            -73.9795106,
            40.6611839
          ],
          [
            -73.9795323,
            40.6612176
          ],
          [
            -73.979539,
            40.6612368
          ],
          [
            -73.9795353,
            40.6612615
          ]
        ]
      }
    },
    {
      "type": "Feature",
      "id": "way/226998578",
      "properties": {
        "name": "5th Avenue",
        "kind": "avenue"
      },
      "geometry": {
        "type": "LineString",
        "coordinates": [
          [
            -73.9813258,
            40.6751433
          ],
          [
            -73.9813678,
            40.6750929
          ],
          [
            -73.9817289,
            40.67466
          ],
          [
            -73.9817766,
            40.6746028
          ],
          [
            -73.981818,
            40.6745532
          ],
          [
            -73.9820035,
            40.6743307
          ],
          [
            -73.9822318,
            40.6740569
          ],
          [
            -73.9822786,
            40.6740008
          ],
          [
            -73.9823206,
            40.6739504
          ],
          [
            -73.9827332,
            40.6734556
          ],
          [
            -73.9827806,
            40.6733988
          ]
        ]
      }
    },
    {
      "type": "Feature",
      "id": "way/226998579",
      "properties": {
        "name": "5th Avenue",
        "kind": "avenue"
      },
      "geometry": {
        "type": "LineString",
        "coordinates": [
          [
            -73.9765899,
            40.6821187
          ],
          [
            -73.9766261,
            40.6820655
          ],
          [
            -73.9767257,
            40.6819189
          ],
          [
            -73.9767766,
            40.681844
          ],
          [
            -73.9769659,
            40.6815656
          ],
          [
            -73.976981,
            40.6815433
          ],
          [
            -73.9770217,
            40.6814835
          ]
        ]
      }
    },
    {
      "type": "Feature",
      "id": "way/226998581",
      "properties": {
        "name": "5th Avenue",
        "kind": "avenue"
      },
      "geometry": {
        "type": "LineString",
        "coordinates": [
          [
            -73.985796,
            40.669783
          ],
          [
            -73.9858387,
            40.6697318
          ],
          [
            -73.9861919,
            40.6693075
          ],
          [
            -73.9862252,
            40.6692675
          ],
          [
            -73.986304,
            40.669173
          ],
          [
            -73.9863809,
            40.6690807
          ],
          [
            -73.9864043,
            40.6690526
          ],
          [
            -73.9867495,
            40.6686386
          ],
          [
            -73.9868,
            40.668578
          ]
        ]
      }
    },
    {
      "type": "Feature",
      "id": "way/226998583",
      "properties": {
        "name": "5th Avenue",
        "kind": "avenue"
      },
      "geometry": {
        "type": "LineString",
        "coordinates": [
          [
            -73.988307,
            40.66677
          ],
          [
            -73.9883533,
            40.6667146
          ],
          [
            -73.9887617,
            40.6662278
          ],
          [
            -73.98881,
            40.66617
          ],
          [
            -73.9888544,
            40.6661166
          ],
          [
            -73.9892623,
            40.6656275
          ],
          [
            -73.989312,
            40.665567
          ],
          [
            -73.9893623,
            40.6655063
          ],
          [
            -73.989383,
            40.6654817
          ],
          [
            -73.9897676,
            40.6650199
          ],
          [
            -73.989815,
            40.664963
          ],
          [
            -73.9898612,
            40.6649073
          ],
          [
            -73.989933,
            40.6648209
          ],
          [
            -73.9904549,
            40.6641964
          ],
          [
            -73.9905113,
            40.6641406
          ],
          [
            -73.9905704,
            40.6640821
          ]
        ]
      }
    },
    {
      "type": "Feature",
      "id": "way/227074793",
      "properties": {
        "name": "Sackett Street",
        "kind": "street"
      },
      "geometry": {
        "type": "LineString",
        "coordinates": [
          [
            -73.984998,
            40.678977
          ],
          [
            -73.9849067,
            40.6789418
          ],
          [
            -73.9841272,
            40.6786419
          ],
          [
            -73.9827839,
            40.6781193
          ],
          [
            -73.9826766,
            40.6780776
          ],
          [
            -73.9825436,
            40.6780259
          ],
          [
            -73.982456,
            40.6779918
          ],
          [
            -73.9801495,
            40.6770947
          ],
          [
            -73.9801259,
            40.6770855
          ],
          [
            -73.9800344,
            40.6770499
          ]
        ]
      }
    },
    {
      "type": "Feature",
      "id": "way/227074807",
      "properties": {
        "name": "4th Avenue",
        "kind": "avenue"
      },
      "geometry": {
        "type": "LineString",
        "coordinates": [
          [
            -73.9857688,
            40.6739972
          ],
          [
            -73.9858179,
            40.6739376
          ],
          [
            -73.9860973,
            40.6735983
          ],
          [
            -73.9862121,
            40.6734604
          ],
          [
            -73.9863978,
            40.6732389
          ],
          [
            -73.9864697,
            40.6731531
          ],
          [
            -73.9865817,
            40.6730194
          ]
        ]
      }
    },
    {
      "type": "Feature",
      "id": "way/227074808",
      "properties": {
        "name": "4th Avenue",
        "kind": "avenue"
      },
      "geometry": {
        "type": "LineString",
        "coordinates": [
          [
            -73.9852692,
            40.6746029
          ],
          [
            -73.9853149,
            40.6745475
          ],
          [
            -73.9857178,
            40.674059
          ],
          [
            -73.9857688,
            40.6739972
          ]
        ]
      }
    },
    {
      "type": "Feature",
      "id": "way/227074810",
      "properties": {
        "name": "9th Street",
        "kind": "street"
      },
      "geometry": {
        "type": "LineString",
        "coordinates": [
          [
            -73.9892064,
            40.6705859
          ],
          [
            -73.9889363,
            40.6704562
          ],
          [
            -73.988877,
            40.6704277
          ],
          [
            -73.9887782,
            40.6703803
          ]
        ]
      }
    },
    {
      "type": "Feature",
      "id": "way/276067515",
      "properties": {
        "name": "Windsor Place",
        "kind": "street"
      },
      "geometry": {
        "type": "LineString",
        "coordinates": [
          [
            -73.980092,
            40.659416
          ],
          [
            -73.980171,
            40.6594541
          ],
          [
            -73.9807841,
            40.659749
          ],
          [
            -73.980875,
            40.659794
          ]
        ]
      }
    },
    {
      "type": "Feature",
      "id": "way/276067521",
      "properties": {
        "name": "Windsor Place",
        "kind": "street"
      },
      "geometry": {
        "type": "LineString",
        "coordinates": [
          [
            -73.980875,
            40.659794
          ],
          [
            -73.9809705,
            40.6598401
          ],
          [
            -73.9831427,
            40.6608914
          ],
          [
            -73.983237,
            40.660937
          ]
        ]
      }
    },
    {
      "type": "Feature",
      "id": "way/295384095",
      "properties": {
        "name": "4th Avenue",
        "kind": "avenue"
      },
      "geometry": {
        "type": "LineString",
        "coordinates": [
          [
            -73.9892762,
            40.669785
          ],
          [
            -73.9893233,
            40.6697283
          ],
          [
            -73.9897356,
            40.669232
          ],
          [
            -73.9897834,
            40.669174
          ]
        ]
      }
    },
    {
      "type": "Feature",
      "id": "way/295384096",
      "properties": {
        "name": "10th Street",
        "kind": "street"
      },
      "geometry": {
        "type": "LineString",
        "coordinates": [
          [
            -73.9892762,
            40.669785
          ],
          [
            -73.9891479,
            40.6697235
          ],
          [
            -73.9890584,
            40.6696797
          ],
          [
            -73.9869074,
            40.6686304
          ],
          [
            -73.9868,
            40.668578
          ],
          [
            -73.986696,
            40.6685278
          ],
          [
            -73.9845316,
            40.6674822
          ],
          [
            -73.984438,
            40.667437
          ],
          [
            -73.9843531,
            40.6673959
          ],
          [
            -73.9821903,
            40.6663493
          ],
          [
            -73.982078,
            40.666295
          ],
          [
            -73.9819884,
            40.6662517
          ],
          [
            -73.9798203,
            40.6652035
          ],
          [
            -73.97972,
            40.665155
          ],
          [
            -73.9796399,
            40.6651163
          ],
          [
            -73.9774996,
            40.6640808
          ],
          [
            -73.9774492,
            40.6640563
          ],
          [
            -73.9773568,
            40.6640117
          ]
        ]
      }
    },
    {
      "type": "Feature",
      "id": "way/295384097",
      "properties": {
        "name": "4th Avenue",
        "kind": "avenue"
      },
      "geometry": {
        "type": "LineString",
        "coordinates": [
          [
            -73.9902887,
            40.6685749
          ],
          [
            -73.9903333,
            40.6685212
          ],
          [
            -73.9907374,
            40.6680345
          ],
          [
            -73.9907868,
            40.667975
          ],
          [
            -73.9908373,
            40.6679151
          ],
          [
            -73.9912441,
            40.6674325
          ],
          [
            -73.9912967,
            40.6673701
          ]
        ]
      }
    },
    {
      "type": "Feature",
      "id": "way/295384098",
      "properties": {
        "name": "12th Street",
        "kind": "street"
      },
      "geometry": {
        "type": "LineString",
        "coordinates": [
          [
            -73.9902887,
            40.6685749
          ],
          [
            -73.990157,
            40.6685119
          ]
        ]
      }
    },
    {
      "type": "Feature",
      "id": "way/295384100",
      "properties": {
        "name": "14th Street",
        "kind": "street"
      },
      "geometry": {
        "type": "LineString",
        "coordinates": [
          [
            -73.9912967,
            40.6673701
          ],
          [
            -73.9911608,
            40.6673055
          ]
        ]
      }
    },
    {
      "type": "Feature",
      "id": "way/308331245",
      "properties": {
        "name": "4th Avenue",
        "kind": "avenue"
      },
      "geometry": {
        "type": "LineString",
        "coordinates": [
          [
            -73.9809595,
            40.6806072
          ],
          [
            -73.9809971,
            40.6805516
          ],
          [
            -73.9813478,
            40.6800337
          ],
          [
            -73.9813841,
            40.6799801
          ],
          [
            -73.9814261,
            40.6799183
          ],
          [
            -73.9817042,
            40.6795084
          ]
        ]
      }
    },
    {
      "type": "Feature",
      "id": "way/308331246",
      "properties": {
        "name": "Bergen Street",
        "kind": "street"
      },
      "geometry": {
        "type": "LineString",
        "coordinates": [
          [
            -73.9796671,
            40.6825229
          ],
          [
            -73.9797719,
            40.6825636
          ],
          [
            -73.9819037,
            40.6833908
          ],
          [
            -73.9819889,
            40.6834239
          ]
        ]
      }
    },
    {
      "type": "Feature",
      "id": "way/334258570",
      "properties": {
        "name": "Prospect Park West Bike Path",
        "kind": "street"
      },
      "geometry": {
        "type": "LineString",
        "coordinates": [
          [
            -73.9703867,
            40.6723766
          ],
          [
            -73.9704058,
            40.6723428
          ],
          [
            -73.970414,
            40.6723284
          ],
          [
            -73.9712233,
            40.6712659
          ],
          [
            -73.9712622,
            40.6712139
          ],
          [
            -73.9713055,
            40.671161
          ],
          [
            -73.9717356,
            40.6706119
          ],
          [
            -73.9722245,
            40.6700536
          ],
          [
            -73.9722657,
            40.6700046
          ],
          [
            -73.9723042,
            40.6699581
          ],
          [
            -73.9727178,
            40.6694502
          ],
          [
            -73.9727611,
            40.6693969
          ],
          [
            -73.9728046,
            40.6693444
          ],
          [
            -73.9732522,
            40.6688004
          ],
          [
            -73.9737158,
            40.668262
          ],
          [
            -73.9737677,
            40.6681982
          ],
          [
            -73.9738247,
            40.6681319
          ],
          [
            -73.9742659,
            40.6675843
          ],
          [
            -73.9746349,
            40.6671495
          ],
          [
            -73.9747305,
            40.6670368
          ],
          [
            -73.9747733,
            40.6669863
          ],
          [
            -73.9748182,
            40.6669334
          ],
          [
            -73.9757279,
            40.6658349
          ],
          [
            -73.9757732,
            40.6657806
          ],
          [
            -73.9758164,
            40.6657286
          ],
          [
            -73.9759735,
            40.6655394
          ],
          [
            -73.9767144,
            40.6646533
          ],
          [
            -73.9767817,
            40.6645655
          ],
          [
            -73.9768593,
            40.6644728
          ],
          [
            -73.9777468,
            40.6634334
          ],
          [
            -73.977789,
            40.6633825
          ],
          [
            -73.9778323,
            40.6633302
          ],
          [
            -73.9792533,
            40.6616237
          ],
          [
            -73.9792959,
            40.6615756
          ],
          [
            -73.9793334,
            40.6615274
          ],
          [
            -73.9794154,
            40.6614198
          ],
          [
            -73.9795158,
            40.6612927
          ]
        ]
      }
    },
    {
      "type": "Feature",
      "id": "way/409285510",
      "properties": {
        "name": "Union Street",
        "kind": "street"
      },
      "geometry": {
        "type": "LineString",
        "coordinates": [
          [
            -73.9829703,
            40.6773896
          ],
          [
            -73.9828863,
            40.677357
          ],
          [
            -73.9805575,
            40.676454
          ],
          [
            -73.9804633,
            40.6764175
          ],
          [
            -73.9803734,
            40.6763825
          ],
          [
            -73.9780434,
            40.6754755
          ],
          [
            -73.9779581,
            40.6754423
          ],
          [
            -73.9778847,
            40.6754136
          ],
          [
            -73.9755548,
            40.6745034
          ],
          [
            -73.9754639,
            40.6744679
          ],
          [
            -73.9753745,
            40.674433
          ],
          [
            -73.9737956,
            40.6738162
          ],
          [
            -73.9730462,
            40.6735234
          ],
          [
            -73.9729535,
            40.6734872
          ]
        ]
      }
    },
    {
      "type": "Feature",
      "id": "way/420346449",
      "properties": {
        "name": "4th Avenue",
        "kind": "avenue"
      },
      "geometry": {
        "type": "LineString",
        "coordinates": [
          [
            -73.9835384,
            40.6765356
          ],
          [
            -73.9834325,
            40.676697
          ],
          [
            -73.9833952,
            40.6767527
          ]
        ]
      }
    },
    {
      "type": "Feature",
      "id": "way/420346451",
      "properties": {
        "name": "4th Avenue",
        "kind": "avenue"
      },
      "geometry": {
        "type": "LineString",
        "coordinates": [
          [
            -73.9846448,
            40.6753561
          ],
          [
            -73.984721,
            40.6752662
          ],
          [
            -73.9847714,
            40.6752067
          ]
        ]
      }
    },
    {
      "type": "Feature",
      "id": "way/420346452",
      "properties": {
        "name": "4th Avenue",
        "kind": "avenue"
      },
      "geometry": {
        "type": "LineString",
        "coordinates": [
          [
            -73.9826766,
            40.6780776
          ],
          [
            -73.9827152,
            40.6780211
          ],
          [
            -73.9829873,
            40.6776225
          ]
        ]
      }
    },
    {
      "type": "Feature",
      "id": "way/420346453",
      "properties": {
        "name": "4th Avenue",
        "kind": "avenue"
      },
      "geometry": {
        "type": "LineString",
        "coordinates": [
          [
            -73.9822365,
            40.6784994
          ],
          [
            -73.9821625,
            40.6786091
          ],
          [
            -73.982123,
            40.6786677
          ]
        ]
      }
    },
    {
      "type": "Feature",
      "id": "way/420346455",
      "properties": {
        "name": "4th Avenue",
        "kind": "avenue"
      },
      "geometry": {
        "type": "LineString",
        "coordinates": [
          [
            -73.9886009,
            40.6705939
          ],
          [
            -73.988712,
            40.6704597
          ],
          [
            -73.9887782,
            40.6703803
          ]
        ]
      }
    },
    {
      "type": "Feature",
      "id": "way/420346456",
      "properties": {
        "name": "4th Avenue",
        "kind": "avenue"
      },
      "geometry": {
        "type": "LineString",
        "coordinates": [
          [
            -73.9876482,
            40.6717517
          ],
          [
            -73.9877357,
            40.67165
          ],
          [
            -73.9877868,
            40.6715906
          ]
        ]
      }
    },
    {
      "type": "Feature",
      "id": "way/420346457",
      "properties": {
        "name": "4th Avenue",
        "kind": "avenue"
      },
      "geometry": {
        "type": "LineString",
        "coordinates": [
          [
            -73.9897707,
            40.6689762
          ],
          [
            -73.9897064,
            40.6690535
          ],
          [
            -73.9896547,
            40.6691156
          ]
        ]
      }
    },
    {
      "type": "Feature",
      "id": "way/420346458",
      "properties": {
        "name": "4th Avenue",
        "kind": "avenue"
      },
      "geometry": {
        "type": "LineString",
        "coordinates": [
          [
            -73.9901591,
            40.6687249
          ],
          [
            -73.9902387,
            40.6686327
          ],
          [
            -73.9902887,
            40.6685749
          ]
        ]
      }
    },
    {
      "type": "Feature",
      "id": "way/420346459",
      "properties": {
        "name": "4th Avenue",
        "kind": "avenue"
      },
      "geometry": {
        "type": "LineString",
        "coordinates": [
          [
            -73.9847714,
            40.6752067
          ],
          [
            -73.9848163,
            40.6751522
          ],
          [
            -73.9852153,
            40.6746683
          ],
          [
            -73.9852692,
            40.6746029
          ]
        ]
      }
    },
    {
      "type": "Feature",
      "id": "way/420346460",
      "properties": {
        "name": "4th Avenue",
        "kind": "avenue"
      },
      "geometry": {
        "type": "LineString",
        "coordinates": [
          [
            -73.9829873,
            40.6776225
          ],
          [
            -73.983062,
            40.677513
          ],
          [
            -73.9831091,
            40.677444
          ]
        ]
      }
    },
    {
      "type": "Feature",
      "id": "way/420346466",
      "properties": {
        "name": "4th Avenue",
        "kind": "avenue"
      },
      "geometry": {
        "type": "LineString",
        "coordinates": [
          [
            -73.9865817,
            40.6730194
          ],
          [
            -73.986771,
            40.6727919
          ]
        ]
      }
    },
    {
      "type": "Feature",
      "id": "way/420346467",
      "properties": {
        "name": "4th Avenue",
        "kind": "avenue"
      },
      "geometry": {
        "type": "LineString",
        "coordinates": [
          [
            -73.9872886,
            40.6719675
          ],
          [
            -73.9871963,
            40.6720784
          ],
          [
            -73.9871532,
            40.6721301
          ]
        ]
      }
    },
    {
      "type": "Feature",
      "id": "way/420346469",
      "properties": {
        "name": "4th Avenue",
        "kind": "avenue"
      },
      "geometry": {
        "type": "LineString",
        "coordinates": [
          [
            -73.9917792,
            40.6665635
          ],
          [
            -73.9917141,
            40.6666412
          ],
          [
            -73.9916587,
            40.6667075
          ]
        ]
      }
    },
    {
      "type": "Feature",
      "id": "way/420346470",
      "properties": {
        "name": "4th Avenue",
        "kind": "avenue"
      },
      "geometry": {
        "type": "LineString",
        "coordinates": [
          [
            -73.9825423,
            40.6782767
          ],
          [
            -73.9826344,
            40.6781401
          ],
          [
            -73.9826766,
            40.6780776
          ]
        ]
      }
    },
    {
      "type": "Feature",
      "id": "way/420346471",
      "properties": {
        "name": "4th Avenue",
        "kind": "avenue"
      },
      "geometry": {
        "type": "LineString",
        "coordinates": [
          [
            -73.9887921,
            40.6701513
          ],
          [
            -73.988732,
            40.6702235
          ],
          [
            -73.9886539,
            40.6703175
          ]
        ]
      }
    },
    {
      "type": "Feature",
      "id": "way/420346472",
      "properties": {
        "name": "4th Avenue",
        "kind": "avenue"
      },
      "geometry": {
        "type": "LineString",
        "coordinates": [
          [
            -73.9927351,
            40.6654635
          ],
          [
            -73.9926612,
            40.6655429
          ],
          [
            -73.9923951,
            40.6658176
          ],
          [
            -73.9922126,
            40.6660428
          ],
          [
            -73.9921647,
            40.6661014
          ]
        ]
      }
    },
    {
      "type": "Feature",
      "id": "way/420346474",
      "properties": {
        "name": "4th Avenue",
        "kind": "avenue"
      },
      "geometry": {
        "type": "LineString",
        "coordinates": [
          [
            -73.9857761,
            40.673798
          ],
          [
            -73.9857018,
            40.6738829
          ],
          [
            -73.9856511,
            40.6739438
          ]
        ]
      }
    },
    {
      "type": "Feature",
      "id": "way/420346475",
      "properties": {
        "name": "4th Avenue",
        "kind": "avenue"
      },
      "geometry": {
        "type": "LineString",
        "coordinates": [
          [
            -73.9887782,
            40.6703803
          ],
          [
            -73.9888598,
            40.6702827
          ],
          [
            -73.9890525,
            40.6700524
          ]
        ]
      }
    },
    {
      "type": "Feature",
      "id": "way/420346476",
      "properties": {
        "name": "4th Avenue",
        "kind": "avenue"
      },
      "geometry": {
        "type": "LineString",
        "coordinates": [
          [
            -73.9921647,
            40.6661014
          ],
          [
            -73.9921146,
            40.6661615
          ],
          [
            -73.9917792,
            40.6665635
          ]
        ]
      }
    },
    {
      "type": "Feature",
      "id": "way/420346477",
      "properties": {
        "name": "4th Avenue",
        "kind": "avenue"
      },
      "geometry": {
        "type": "LineString",
        "coordinates": [
          [
            -73.9896547,
            40.6691156
          ],
          [
            -73.9896037,
            40.669177
          ],
          [
            -73.9891966,
            40.6696651
          ],
          [
            -73.9891479,
            40.6697235
          ],
          [
            -73.9891066,
            40.6697732
          ],
          [
            -73.9888371,
            40.6700972
          ]
        ]
      }
    },
    {
      "type": "Feature",
      "id": "way/420346478",
      "properties": {
        "name": "4th Avenue",
        "kind": "avenue"
      },
      "geometry": {
        "type": "LineString",
        "coordinates": [
          [
            -73.9831091,
            40.677444
          ],
          [
            -73.9831524,
            40.6773804
          ],
          [
            -73.983498,
            40.6768724
          ],
          [
            -73.9835406,
            40.6768098
          ],
          [
            -73.9835784,
            40.676753
          ],
          [
            -73.9838059,
            40.6764115
          ]
        ]
      }
    },
    {
      "type": "Feature",
      "id": "way/420346480",
      "properties": {
        "name": "4th Avenue",
        "kind": "avenue"
      },
      "geometry": {
        "type": "LineString",
        "coordinates": [
          [
            -73.9877868,
            40.6715906
          ],
          [
            -73.9878303,
            40.6715367
          ],
          [
            -73.9882292,
            40.6710433
          ],
          [
            -73.9882732,
            40.6709889
          ]
        ]
      }
    },
    {
      "type": "Feature",
      "id": "way/420346481",
      "properties": {
        "name": "4th Avenue",
        "kind": "avenue"
      },
      "geometry": {
        "type": "LineString",
        "coordinates": [
          [
            -73.9838059,
            40.6764115
          ],
          [
            -73.9839307,
            40.6762372
          ],
          [
            -73.9839747,
            40.6761787
          ]
        ]
      }
    },
    {
      "type": "Feature",
      "id": "way/420346482",
      "properties": {
        "name": "4th Avenue",
        "kind": "avenue"
      },
      "geometry": {
        "type": "LineString",
        "coordinates": [
          [
            -73.9932879,
            40.6649195
          ],
          [
            -73.993226,
            40.6649797
          ],
          [
            -73.9928,
            40.6653937
          ],
          [
            -73.9927351,
            40.6654635
          ]
        ]
      }
    },
    {
      "type": "Feature",
      "id": "way/420346483",
      "properties": {
        "name": "4th Avenue",
        "kind": "avenue"
      },
      "geometry": {
        "type": "LineString",
        "coordinates": [
          [
            -73.9912967,
            40.6673701
          ],
          [
            -73.9913422,
            40.6673147
          ],
          [
            -73.99174,
            40.6668296
          ],
          [
            -73.9917873,
            40.6667731
          ]
        ]
      }
    },
    {
      "type": "Feature",
      "id": "way/420346484",
      "properties": {
        "name": "4th Avenue",
        "kind": "avenue"
      },
      "geometry": {
        "type": "LineString",
        "coordinates": [
          [
            -73.986771,
            40.6727919
          ],
          [
            -73.9870892,
            40.6724094
          ],
          [
            -73.98722,
            40.6722524
          ],
          [
            -73.9872734,
            40.6721882
          ],
          [
            -73.9873181,
            40.6721361
          ],
          [
            -73.9876482,
            40.6717517
          ]
        ]
      }
    },
    {
      "type": "Feature",
      "id": "way/420346485",
      "properties": {
        "name": "4th Avenue",
        "kind": "avenue"
      },
      "geometry": {
        "type": "LineString",
        "coordinates": [
          [
            -73.9833952,
            40.6767527
          ],
          [
            -73.9833526,
            40.6768166
          ],
          [
            -73.983118,
            40.6771646
          ]
        ]
      }
    },
    {
      "type": "Feature",
      "id": "way/420346486",
      "properties": {
        "name": "4th Avenue",
        "kind": "avenue"
      },
      "geometry": {
        "type": "LineString",
        "coordinates": [
          [
            -73.988146,
            40.670928
          ],
          [
            -73.9881004,
            40.6709828
          ],
          [
            -73.9876931,
            40.6714723
          ],
          [
            -73.9876503,
            40.6715238
          ]
        ]
      }
    },
    {
      "type": "Feature",
      "id": "way/420346487",
      "properties": {
        "name": "4th Avenue",
        "kind": "avenue"
      },
      "geometry": {
        "type": "LineString",
        "coordinates": [
          [
            -73.9839747,
            40.6761787
          ],
          [
            -73.9840193,
            40.6761213
          ],
          [
            -73.9842256,
            40.6758567
          ],
          [
            -73.9842691,
            40.6758008
          ],
          [
            -73.9843114,
            40.6757507
          ],
          [
            -73.9845844,
            40.6754276
          ],
          [
            -73.9846448,
            40.6753561
          ]
        ]
      }
    },
    {
      "type": "Feature",
      "id": "way/420346488",
      "properties": {
        "name": "4th Avenue",
        "kind": "avenue"
      },
      "geometry": {
        "type": "LineString",
        "coordinates": [
          [
            -73.9871532,
            40.6721301
          ],
          [
            -73.987099,
            40.6721951
          ],
          [
            -73.9866527,
            40.6727347
          ],
          [
            -73.9860964,
            40.6734071
          ],
          [
            -73.9857761,
            40.673798
          ]
        ]
      }
    },
    {
      "type": "Feature",
      "id": "way/420346489",
      "properties": {
        "name": "4th Avenue",
        "kind": "avenue"
      },
      "geometry": {
        "type": "LineString",
        "coordinates": [
          [
            -73.9916587,
            40.6667075
          ],
          [
            -73.9916068,
            40.6667697
          ],
          [
            -73.9913377,
            40.6670929
          ]
        ]
      }
    },
    {
      "type": "Feature",
      "id": "way/420346490",
      "properties": {
        "name": "4th Avenue",
        "kind": "avenue"
      },
      "geometry": {
        "type": "LineString",
        "coordinates": [
          [
            -73.9856511,
            40.6739438
          ],
          [
            -73.9855997,
            40.6740033
          ],
          [
            -73.9851872,
            40.6744813
          ],
          [
            -73.9851378,
            40.6745386
          ],
          [
            -73.9850853,
            40.6746008
          ],
          [
            -73.9847754,
            40.6749781
          ]
        ]
      }
    },
    {
      "type": "Feature",
      "id": "way/420346494",
      "properties": {
        "name": "9th Street",
        "kind": "street"
      },
      "geometry": {
        "type": "LineString",
        "coordinates": [
          [
            -73.9887782,
            40.6703803
          ],
          [
            -73.9886539,
            40.6703175
          ]
        ]
      }
    },
    {
      "type": "Feature",
      "id": "way/420559534",
      "properties": {
        "name": "Prospect Park Southwest",
        "kind": "street"
      },
      "geometry": {
        "type": "LineString",
        "coordinates": [
          [
            -73.9795836,
            40.6608637
          ],
          [
            -73.9794684,
            40.6608078
          ]
        ]
      }
    },
    {
      "type": "Feature",
      "id": "way/420584900",
      "properties": {
        "name": "4th Avenue",
        "kind": "avenue"
      },
      "geometry": {
        "type": "LineString",
        "coordinates": [
          [
            -73.9813892,
            40.6797528
          ],
          [
            -73.9813058,
            40.6798735
          ],
          [
            -73.981265,
            40.6799337
          ]
        ]
      }
    },
    {
      "type": "Feature",
      "id": "way/420584901",
      "properties": {
        "name": "4th Avenue",
        "kind": "avenue"
      },
      "geometry": {
        "type": "LineString",
        "coordinates": [
          [
            -73.9817042,
            40.6795084
          ],
          [
            -73.9817759,
            40.6794028
          ],
          [
            -73.9818151,
            40.6793451
          ]
        ]
      }
    },
    {
      "type": "Feature",
      "id": "way/420584902",
      "properties": {
        "name": "4th Avenue",
        "kind": "avenue"
      },
      "geometry": {
        "type": "LineString",
        "coordinates": [
          [
            -73.982123,
            40.6786677
          ],
          [
            -73.9820825,
            40.6787275
          ],
          [
            -73.9817368,
            40.6792384
          ],
          [
            -73.981696,
            40.6792987
          ],
          [
            -73.9816563,
            40.6793572
          ],
          [
            -73.9813892,
            40.6797528
          ]
        ]
      }
    },
    {
      "type": "Feature",
      "id": "way/420584903",
      "properties": {
        "name": "4th Avenue",
        "kind": "avenue"
      },
      "geometry": {
        "type": "LineString",
        "coordinates": [
          [
            -73.9818151,
            40.6793451
          ],
          [
            -73.9818564,
            40.679284
          ],
          [
            -73.982202,
            40.6787732
          ],
          [
            -73.9822426,
            40.6787133
          ],
          [
            -73.9822826,
            40.6786551
          ],
          [
            -73.9825423,
            40.6782767
          ]
        ]
      }
    },
    {
      "type": "Feature",
      "id": "way/420699591",
      "properties": {
        "name": "7th Avenue",
        "kind": "avenue"
      },
      "geometry": {
        "type": "LineString",
        "coordinates": [
          [
            -73.981582,
            40.666888
          ],
          [
            -73.9816511,
            40.6668054
          ],
          [
            -73.9816821,
            40.6667684
          ],
          [
            -73.9820289,
            40.6663537
          ],
          [
            -73.982078,
            40.666295
          ],
          [
            -73.9821193,
            40.6662456
          ],
          [
            -73.9825345,
            40.6657487
          ],
          [
            -73.982581,
            40.665693
          ],
          [
            -73.9826222,
            40.6656439
          ],
          [
            -73.9830436,
            40.6651436
          ],
          [
            -73.983085,
            40.665092
          ],
          [
            -73.9831267,
            40.6650418
          ],
          [
            -73.9835414,
            40.6645427
          ],
          [
            -73.983586,
            40.664489
          ],
          [
            -73.9836283,
            40.6644383
          ],
          [
            -73.9840413,
            40.6639432
          ],
          [
            -73.984089,
            40.663886
          ],
          [
            -73.9841292,
            40.6638378
          ],
          [
            -73.9845401,
            40.663345
          ],
          [
            -73.984591,
            40.663284
          ],
          [
            -73.9846422,
            40.6632226
          ],
          [
            -73.984656,
            40.6632061
          ],
          [
            -73.9850544,
            40.6627285
          ],
          [
            -73.985094,
            40.662681
          ],
          [
            -73.9851391,
            40.6626271
          ],
          [
            -73.9855524,
            40.6621331
          ],
          [
            -73.985596,
            40.662081
          ],
          [
            -73.9860613,
            40.6615396
          ],
          [
            -73.986123,
            40.661469
          ],
          [
            -73.986189,
            40.6614052
          ],
          [
            -73.9866254,
            40.6609846
          ],
          [
            -73.986682,
            40.66093
          ],
          [
            -73.986728,
            40.6608847
          ],
          [
            -73.9867928,
            40.6608233
          ],
          [
            -73.987047,
            40.6605783
          ]
        ]
      }
    },
    {
      "type": "Feature",
      "id": "way/420882995",
      "properties": {
        "name": "4th Avenue",
        "kind": "avenue"
      },
      "geometry": {
        "type": "LineString",
        "coordinates": [
          [
            -73.9808361,
            40.6807893
          ],
          [
            -73.9809184,
            40.6806672
          ],
          [
            -73.9809595,
            40.6806072
          ]
        ]
      }
    },
    {
      "type": "Feature",
      "id": "way/420882996",
      "properties": {
        "name": "4th Avenue",
        "kind": "avenue"
      },
      "geometry": {
        "type": "LineString",
        "coordinates": [
          [
            -73.9799766,
            40.6820553
          ],
          [
            -73.9800551,
            40.6819395
          ],
          [
            -73.9800945,
            40.6818815
          ]
        ]
      }
    },
    {
      "type": "Feature",
      "id": "way/420882997",
      "properties": {
        "name": "4th Avenue",
        "kind": "avenue"
      },
      "geometry": {
        "type": "LineString",
        "coordinates": [
          [
            -73.980528,
            40.68102
          ],
          [
            -73.9804447,
            40.6811429
          ],
          [
            -73.980404,
            40.6812027
          ]
        ]
      }
    },
    {
      "type": "Feature",
      "id": "way/420882998",
      "properties": {
        "name": "4th Avenue",
        "kind": "avenue"
      },
      "geometry": {
        "type": "LineString",
        "coordinates": [
          [
            -73.9796671,
            40.6825229
          ],
          [
            -73.9797065,
            40.6824634
          ],
          [
            -73.9799766,
            40.6820553
          ]
        ]
      }
    },
    {
      "type": "Feature",
      "id": "way/420883000",
      "properties": {
        "name": "4th Avenue",
        "kind": "avenue"
      },
      "geometry": {
        "type": "LineString",
        "coordinates": [
          [
            -73.9788829,
            40.683445
          ],
          [
            -73.9787387,
            40.6836876
          ],
          [
            -73.9787032,
            40.6837521
          ]
        ]
      }
    },
    {
      "type": "Feature",
      "id": "way/420883002",
      "properties": {
        "name": "4th Avenue",
        "kind": "avenue"
      },
      "geometry": {
        "type": "LineString",
        "coordinates": [
          [
            -73.9786831,
            40.6839996
          ],
          [
            -73.9787798,
            40.6838516
          ],
          [
            -73.9788027,
            40.6837888
          ]
        ]
      }
    },
    {
      "type": "Feature",
      "id": "way/420883003",
      "properties": {
        "name": "4th Avenue",
        "kind": "avenue"
      },
      "geometry": {
        "type": "LineString",
        "coordinates": [
          [
            -73.9787032,
            40.6837521
          ],
          [
            -73.9786722,
            40.6838102
          ],
          [
            -73.9785076,
            40.6840481
          ]
        ]
      }
    },
    {
      "type": "Feature",
      "id": "way/420883004",
      "properties": {
        "name": "4th Avenue",
        "kind": "avenue"
      },
      "geometry": {
        "type": "LineString",
        "coordinates": [
          [
            -73.9796772,
            40.6822897
          ],
          [
            -73.979593,
            40.6824205
          ],
          [
            -73.9795513,
            40.6824839
          ]
        ]
      }
    },
    {
      "type": "Feature",
      "id": "way/420883006",
      "properties": {
        "name": "4th Avenue",
        "kind": "avenue"
      },
      "geometry": {
        "type": "LineString",
        "coordinates": [
          [
            -73.9783923,
            40.6844259
          ],
          [
            -73.9784669,
            40.6843278
          ],
          [
            -73.9786831,
            40.6839996
          ]
        ]
      }
    },
    {
      "type": "Feature",
      "id": "way/420883007",
      "properties": {
        "name": "4th Avenue",
        "kind": "avenue"
      },
      "geometry": {
        "type": "LineString",
        "coordinates": [
          [
            -73.980404,
            40.6812027
          ],
          [
            -73.980366,
            40.6812587
          ],
          [
            -73.9800155,
            40.6817759
          ],
          [
            -73.979975,
            40.6818357
          ],
          [
            -73.9799376,
            40.681893
          ],
          [
            -73.9796772,
            40.6822897
          ]
        ]
      }
    },
    {
      "type": "Feature",
      "id": "way/420883008",
      "properties": {
        "name": "4th Avenue",
        "kind": "avenue"
      },
      "geometry": {
        "type": "LineString",
        "coordinates": [
          [
            -73.9800945,
            40.6818815
          ],
          [
            -73.9801342,
            40.6818229
          ],
          [
            -73.9803914,
            40.6814433
          ]
        ]
      }
    },
    {
      "type": "Feature",
      "id": "way/420883009",
      "properties": {
        "name": "4th Avenue",
        "kind": "avenue"
      },
      "geometry": {
        "type": "LineString",
        "coordinates": [
          [
            -73.981265,
            40.6799337
          ],
          [
            -73.981229,
            40.6799869
          ],
          [
            -73.9808781,
            40.680505
          ],
          [
            -73.9808404,
            40.6805608
          ],
          [
            -73.9807998,
            40.6806205
          ],
          [
            -73.980528,
            40.68102
          ]
        ]
      }
    },
    {
      "type": "Feature",
      "id": "way/421269125",
      "properties": {
        "name": "3rd Street",
        "kind": "street"
      },
      "geometry": {
        "type": "LineString",
        "coordinates": [
          [
            -73.9857688,
            40.6739972
          ],
          [
            -73.9856511,
            40.6739438
          ]
        ]
      }
    },
    {
      "type": "Feature",
      "id": "way/440633391",
      "properties": {
        "name": "East Drive",
        "kind": "street"
      },
      "geometry": {
        "type": "LineString",
        "coordinates": [
          [
            -73.9696754,
            40.672213
          ],
          [
            -73.9696782,
            40.6722424
          ],
          [
            -73.9696862,
            40.6723314
          ],
          [
            -73.969691,
            40.6724418
          ],
          [
            -73.969685,
            40.6725313
          ]
        ]
      }
    },
    {
      "type": "Feature",
      "id": "way/446800952",
      "properties": {
        "name": "4th Avenue",
        "kind": "avenue"
      },
      "geometry": {
        "type": "LineString",
        "coordinates": [
          [
            -73.9829703,
            40.6773896
          ],
          [
            -73.9829237,
            40.6774591
          ],
          [
            -73.982581,
            40.6779701
          ],
          [
            -73.9825436,
            40.6780259
          ],
          [
            -73.9825022,
            40.6780898
          ],
          [
            -73.9822365,
            40.6784994
          ]
        ]
      }
    },
    {
      "type": "Feature",
      "id": "way/451380980",
      "properties": {
        "name": "Carroll Street",
        "kind": "street"
      },
      "geometry": {
        "type": "LineString",
        "coordinates": [
          [
            -73.9713385,
            40.6712477
          ],
          [
            -73.9712622,
            40.6712139
          ]
        ]
      }
    },
    {
      "type": "Feature",
      "id": "way/451380982",
      "properties": {
        "name": "Garfield Place",
        "kind": "street"
      },
      "geometry": {
        "type": "LineString",
        "coordinates": [
          [
            -73.9723329,
            40.6700364
          ],
          [
            -73.9724142,
            40.6700759
          ],
          [
            -73.974609,
            40.6711322
          ],
          [
            -73.974698,
            40.671175
          ],
          [
            -73.9747865,
            40.6712178
          ],
          [
            -73.975494,
            40.67156
          ],
          [
            -73.976263,
            40.671933
          ],
          [
            -73.9769577,
            40.6722703
          ],
          [
            -73.977056,
            40.672318
          ],
          [
            -73.9771569,
            40.6723668
          ],
          [
            -73.9774407,
            40.6725042
          ],
          [
            -73.979335,
            40.6734213
          ],
          [
            -73.979415,
            40.67346
          ],
          [
            -73.9795098,
            40.6735059
          ],
          [
            -73.9812079,
            40.6743276
          ],
          [
            -73.9816823,
            40.6745572
          ],
          [
            -73.9817766,
            40.6746028
          ],
          [
            -73.9818811,
            40.6746531
          ],
          [
            -73.9835284,
            40.6754461
          ],
          [
            -73.9840466,
            40.6756955
          ],
          [
            -73.984127,
            40.6757342
          ],
          [
            -73.9842691,
            40.6758008
          ]
        ]
      }
    },
    {
      "type": "Feature",
      "id": "way/451380985",
      "properties": {
        "name": "1st Street",
        "kind": "street"
      },
      "geometry": {
        "type": "LineString",
        "coordinates": [
          [
            -73.9728368,
            40.6694335
          ],
          [
            -73.9727611,
            40.6693969
          ]
        ]
      }
    },
    {
      "type": "Feature",
      "id": "way/451380987",
      "properties": {
        "name": "2nd Street",
        "kind": "street"
      },
      "geometry": {
        "type": "LineString",
        "coordinates": [
          [
            -73.9733329,
            40.6688396
          ],
          [
            -73.9734209,
            40.6688804
          ],
          [
            -73.9756164,
            40.6699344
          ],
          [
            -73.975696,
            40.669973
          ],
          [
            -73.9757964,
            40.6700213
          ],
          [
            -73.9779709,
            40.6710686
          ],
          [
            -73.978061,
            40.671112
          ],
          [
            -73.9781721,
            40.6711659
          ],
          [
            -73.9787327,
            40.6714385
          ],
          [
            -73.9797116,
            40.6719133
          ],
          [
            -73.9803377,
            40.672217
          ],
          [
            -73.980418,
            40.672256
          ],
          [
            -73.9805133,
            40.6723021
          ],
          [
            -73.9812196,
            40.6726429
          ],
          [
            -73.9820669,
            40.6730496
          ],
          [
            -73.982688,
            40.673354
          ],
          [
            -73.9827806,
            40.6733988
          ],
          [
            -73.9828882,
            40.6734508
          ],
          [
            -73.9840136,
            40.6739943
          ],
          [
            -73.9850499,
            40.6744961
          ],
          [
            -73.9851378,
            40.6745386
          ],
          [
            -73.9852692,
            40.6746029
          ]
        ]
      }
    },
    {
      "type": "Feature",
      "id": "way/451380990",
      "properties": {
        "name": "5th Street",
        "kind": "street"
      },
      "geometry": {
        "type": "LineString",
        "coordinates": [
          [
            -73.9748539,
            40.6670245
          ],
          [
            -73.9747733,
            40.6669863
          ]
        ]
      }
    },
    {
      "type": "Feature",
      "id": "way/451380992",
      "properties": {
        "name": "7th Street",
        "kind": "street"
      },
      "geometry": {
        "type": "LineString",
        "coordinates": [
          [
            -73.9758542,
            40.6658199
          ],
          [
            -73.9757732,
            40.6657806
          ]
        ]
      }
    },
    {
      "type": "Feature",
      "id": "way/451380994",
      "properties": {
        "name": "9th Street",
        "kind": "street"
      },
      "geometry": {
        "type": "LineString",
        "coordinates": [
          [
            -73.976863,
            40.6646049
          ],
          [
            -73.9767817,
            40.6645655
          ]
        ]
      }
    },
    {
      "type": "Feature",
      "id": "way/451380996",
      "properties": {
        "name": "11th Street",
        "kind": "street"
      },
      "geometry": {
        "type": "LineString",
        "coordinates": [
          [
            -73.9778548,
            40.6634134
          ],
          [
            -73.977951,
            40.6634601
          ],
          [
            -73.980139,
            40.6645121
          ],
          [
            -73.980222,
            40.664552
          ],
          [
            -73.980322,
            40.6646004
          ],
          [
            -73.9807155,
            40.6647907
          ],
          [
            -73.98249,
            40.665649
          ],
          [
            -73.982581,
            40.665693
          ],
          [
            -73.9826875,
            40.6657444
          ],
          [
            -73.9848526,
            40.6667903
          ],
          [
            -73.984943,
            40.666834
          ],
          [
            -73.9850349,
            40.6668785
          ],
          [
            -73.9872082,
            40.6679306
          ],
          [
            -73.9873,
            40.667975
          ],
          [
            -73.9874108,
            40.6680287
          ],
          [
            -73.9895596,
            40.6690695
          ],
          [
            -73.9896547,
            40.6691156
          ]
        ]
      }
    },
    {
      "type": "Feature",
      "id": "way/451380999",
      "properties": {
        "name": "14th Street",
        "kind": "street"
      },
      "geometry": {
        "type": "LineString",
        "coordinates": [
          [
            -73.9793623,
            40.6616045
          ],
          [
            -73.9792959,
            40.6615756
          ]
        ]
      }
    },
    {
      "type": "Feature",
      "id": "way/451381003",
      "properties": {
        "name": "Bartel Pritchard Square",
        "kind": "street"
      },
      "geometry": {
        "type": "LineString",
        "coordinates": [
          [
            -73.9795836,
            40.6608637
          ],
          [
            -73.9795699,
            40.6608823
          ],
          [
            -73.9795583,
            40.6609007
          ],
          [
            -73.9795393,
            40.6609507
          ],
          [
            -73.9795347,
            40.6609987
          ],
          [
            -73.979542,
            40.6610484
          ]
        ]
      }
    },
    {
      "type": "Feature",
      "id": "way/451381005",
      "properties": {
        "name": "Prospect Park West",
        "kind": "avenue"
      },
      "geometry": {
        "type": "LineString",
        "coordinates": [
          [
            -73.9795925,
            40.6613283
          ],
          [
            -73.9796253,
            40.6613045
          ],
          [
            -73.9796769,
            40.6612671
          ],
          [
            -73.9797314,
            40.6612357
          ]
        ]
      }
    },
    {
      "type": "Feature",
      "id": "way/451391824",
      "properties": {
        "name": "Grand Army Plaza",
        "kind": "street"
      },
      "geometry": {
        "type": "LineString",
        "coordinates": [
          [
            -73.9704084,
            40.6732806
          ],
          [
            -73.97034,
            40.6731319
          ],
          [
            -73.9702565,
            40.6729524
          ],
          [
            -73.9702134,
            40.6728754
          ],
          [
            -73.9701726,
            40.672819
          ],
          [
            -73.9701157,
            40.6727383
          ]
        ]
      }
    },
    {
      "type": "Feature",
      "id": "way/451413253",
      "properties": {
        "name": "4th Street Plaza",
        "kind": "street"
      },
      "geometry": {
        "type": "LineString",
        "coordinates": [
          [
            -73.9837886,
            40.6721901
          ],
          [
            -73.9839078,
            40.6722476
          ],
          [
            -73.9843686,
            40.6724702
          ],
          [
            -73.9847179,
            40.6726389
          ],
          [
            -73.984952,
            40.6727519
          ],
          [
            -73.9850466,
            40.6727976
          ]
        ]
      }
    },
    {
      "type": "Feature",
      "id": "way/451910412",
      "properties": {
        "name": "Sterling Place",
        "kind": "street"
      },
      "geometry": {
        "type": "LineString",
        "coordinates": [
          [
            -73.9719095,
            40.6764249
          ],
          [
            -73.9721266,
            40.676491
          ],
          [
            -73.9722675,
            40.676539
          ],
          [
            -73.9736016,
            40.6770448
          ],
          [
            -73.973687,
            40.677078
          ],
          [
            -73.9737821,
            40.6771157
          ],
          [
            -73.9761018,
            40.678034
          ],
          [
            -73.97618,
            40.678065
          ],
          [
            -73.9762712,
            40.6781009
          ],
          [
            -73.9785906,
            40.6790133
          ],
          [
            -73.9786704,
            40.6790543
          ]
        ]
      }
    },
    {
      "type": "Feature",
      "id": "way/451915586",
      "properties": {
        "name": "Times Plaza",
        "kind": "street"
      },
      "geometry": {
        "type": "LineString",
        "coordinates": [
          [
            -73.9782231,
            40.6844789
          ],
          [
            -73.9781198,
            40.6846555
          ],
          [
            -73.9780982,
            40.684697
          ]
        ]
      }
    },
    {
      "type": "Feature",
      "id": "way/451915589",
      "properties": {
        "name": "Bergen Street",
        "kind": "street"
      },
      "geometry": {
        "type": "LineString",
        "coordinates": [
          [
            -73.9759851,
            40.681083
          ],
          [
            -73.9763471,
            40.6812229
          ]
        ]
      }
    },
    {
      "type": "Feature",
      "id": "way/451915593",
      "properties": {
        "name": "Prospect Place",
        "kind": "street"
      },
      "geometry": {
        "type": "LineString",
        "coordinates": [
          [
            -73.973547,
            40.6786798
          ],
          [
            -73.9737681,
            40.6787477
          ],
          [
            -73.9739302,
            40.6787974
          ],
          [
            -73.9752464,
            40.6793043
          ],
          [
            -73.975321,
            40.679333
          ],
          [
            -73.9754036,
            40.6793655
          ],
          [
            -73.9777356,
            40.6802822
          ],
          [
            -73.9778489,
            40.6802668
          ]
        ]
      }
    },
    {
      "type": "Feature",
      "id": "way/452286944",
      "properties": {
        "name": "Plaza Street West",
        "kind": "street"
      },
      "geometry": {
        "type": "LineString",
        "coordinates": [
          [
            -73.9709724,
            40.6728406
          ],
          [
            -73.9709407,
            40.6728023
          ],
          [
            -73.9709048,
            40.6727228
          ]
        ]
      }
    },
    {
      "type": "Feature",
      "id": "way/456407470",
      "properties": {
        "name": "Dean Street",
        "kind": "street"
      },
      "geometry": {
        "type": "LineString",
        "coordinates": [
          [
            -73.9765899,
            40.6821187
          ],
          [
            -73.9765028,
            40.682084
          ],
          [
            -73.9760554,
            40.6819134
          ],
          [
            -73.9759791,
            40.6818905
          ],
          [
            -73.9758511,
            40.6818521
          ]
        ]
      }
    },
    {
      "type": "Feature",
      "id": "way/460569806",
      "properties": {
        "name": "14th Street",
        "kind": "street"
      },
      "geometry": {
        "type": "LineString",
        "coordinates": [
          [
            -73.9935361,
            40.6684448
          ],
          [
            -73.9934284,
            40.6683931
          ],
          [
            -73.9922842,
            40.6678451
          ],
          [
            -73.9913938,
            40.6674167
          ],
          [
            -73.9912967,
            40.6673701
          ]
        ]
      }
    },
    {
      "type": "Feature",
      "id": "way/460585585",
      "properties": {
        "name": "Baltic Street",
        "kind": "street"
      },
      "geometry": {
        "type": "LineString",
        "coordinates": [
          [
            -73.983283,
            40.6815117
          ],
          [
            -73.9831885,
            40.6814749
          ],
          [
            -73.982744,
            40.6813019
          ],
          [
            -73.9810679,
            40.6806494
          ],
          [
            -73.9809595,
            40.6806072
          ],
          [
            -73.9808404,
            40.6805608
          ],
          [
            -73.980736,
            40.6805202
          ],
          [
            -73.9792465,
            40.6799436
          ],
          [
            -73.9791927,
            40.6799227
          ],
          [
            -73.9791218,
            40.6798953
          ],
          [
            -73.9784072,
            40.6796205
          ],
          [
            -73.9782781,
            40.6796349
          ]
        ]
      }
    },
    {
      "type": "Feature",
      "id": "way/464551539",
      "properties": {
        "name": "Degraw Street",
        "kind": "street"
      },
      "geometry": {
        "type": "LineString",
        "coordinates": [
          [
            -73.982123,
            40.6786677
          ],
          [
            -73.9822426,
            40.6787133
          ],
          [
            -73.9823588,
            40.6787582
          ],
          [
            -73.9844673,
            40.6795828
          ],
          [
            -73.9845657,
            40.6796176
          ]
        ]
      }
    },
    {
      "type": "Feature",
      "id": "way/464551540",
      "properties": {
        "name": "3rd Street",
        "kind": "street"
      },
      "geometry": {
        "type": "LineString",
        "coordinates": [
          [
            -73.988004,
            40.675077
          ],
          [
            -73.9879051,
            40.6750293
          ],
          [
            -73.987861,
            40.675008
          ],
          [
            -73.9872592,
            40.6747174
          ],
          [
            -73.9869234,
            40.674555
          ],
          [
            -73.9866695,
            40.6744324
          ],
          [
            -73.9862878,
            40.674248
          ],
          [
            -73.9858672,
            40.6740448
          ],
          [
            -73.9857688,
            40.6739972
          ]
        ]
      }
    },
    {
      "type": "Feature",
      "id": "way/483704093",
      "properties": {
        "name": "Park Place",
        "kind": "street"
      },
      "geometry": {
        "type": "LineString",
        "coordinates": [
          [
            -73.9732505,
            40.6777137
          ],
          [
            -73.9731822,
            40.6776869
          ],
          [
            -73.9729066,
            40.677578
          ],
          [
            -73.9728472,
            40.6775662
          ],
          [
            -73.9727171,
            40.6775369
          ]
        ]
      }
    },
    {
      "type": "Feature",
      "id": "way/487545384",
      "properties": {
        "name": "Bartel Pritchard Square",
        "kind": "street"
      },
      "geometry": {
        "type": "LineString",
        "coordinates": [
          [
            -73.9801325,
            40.6611752
          ],
          [
            -73.9801499,
            40.6611578
          ],
          [
            -73.9801746,
            40.6611296
          ],
          [
            -73.9801924,
            40.6611076
          ],
          [
            -73.9802112,
            40.6610596
          ],
          [
            -73.9802195,
            40.6610185
          ],
          [
            -73.9802191,
            40.660977
          ],
          [
            -73.98021,
            40.660936
          ],
          [
            -73.9801925,
            40.6608966
          ],
          [
            -73.9801669,
            40.6608599
          ],
          [
            -73.9801339,
            40.6608267
          ],
          [
            -73.9801022,
            40.6608032
          ],
          [
            -73.980053,
            40.6607758
          ]
        ]
      }
    },
    {
      "type": "Feature",
      "id": "way/491160987",
      "properties": {
        "name": "4th Avenue",
        "kind": "avenue"
      },
      "geometry": {
        "type": "LineString",
        "coordinates": [
          [
            -73.9838153,
            40.6761159
          ],
          [
            -73.9837754,
            40.6761779
          ],
          [
            -73.9835384,
            40.6765356
          ]
        ]
      }
    },
    {
      "type": "Feature",
      "id": "way/494221659",
      "properties": {
        "name": "7th Avenue",
        "kind": "avenue"
      },
      "geometry": {
        "type": "LineString",
        "coordinates": [
          [
            -73.9783281,
            40.6707908
          ],
          [
            -73.9785065,
            40.6705763
          ],
          [
            -73.97856,
            40.670512
          ],
          [
            -73.9786061,
            40.6704597
          ],
          [
            -73.9790167,
            40.6699653
          ],
          [
            -73.9790639,
            40.6699088
          ],
          [
            -73.9791057,
            40.6698589
          ],
          [
            -73.9795216,
            40.6693624
          ],
          [
            -73.9795683,
            40.6693066
          ],
          [
            -73.9796091,
            40.6692575
          ],
          [
            -73.9800215,
            40.668761
          ],
          [
            -73.9800688,
            40.668704
          ],
          [
            -73.9801061,
            40.6686592
          ],
          [
            -73.9805207,
            40.668161
          ],
          [
            -73.980569,
            40.668103
          ],
          [
            -73.9806112,
            40.668052
          ],
          [
            -73.9810211,
            40.667557
          ],
          [
            -73.98107,
            40.667498
          ]
        ]
      }
    },
    {
      "type": "Feature",
      "id": "way/497251282",
      "properties": {
        "name": "5th Avenue",
        "kind": "avenue"
      },
      "geometry": {
        "type": "LineString",
        "coordinates": [
          [
            -73.9770217,
            40.6814835
          ],
          [
            -73.9770578,
            40.6814304
          ],
          [
            -73.9770706,
            40.6814116
          ],
          [
            -73.9774119,
            40.6809095
          ],
          [
            -73.9774513,
            40.6808516
          ]
        ]
      }
    },
    {
      "type": "Feature",
      "id": "way/497773451",
      "properties": {
        "name": "4th Avenue",
        "kind": "avenue"
      },
      "geometry": {
        "type": "LineString",
        "coordinates": [
          [
            -73.9785076,
            40.6840481
          ],
          [
            -73.9783563,
            40.6842734
          ],
          [
            -73.9782849,
            40.6843811
          ]
        ]
      }
    },
    {
      "type": "Feature",
      "id": "way/500269690",
      "properties": {
        "name": "Dean Street",
        "kind": "street"
      },
      "geometry": {
        "type": "LineString",
        "coordinates": [
          [
            -73.9791142,
            40.6830984
          ],
          [
            -73.9790217,
            40.6830625
          ],
          [
            -73.9767175,
            40.6821682
          ],
          [
            -73.9766938,
            40.682159
          ],
          [
            -73.9765899,
            40.6821187
          ]
        ]
      }
    },
    {
      "type": "Feature",
      "id": "way/500269691",
      "properties": {
        "name": "4th Avenue",
        "kind": "avenue"
      },
      "geometry": {
        "type": "LineString",
        "coordinates": [
          [
            -73.9792307,
            40.683144
          ],
          [
            -73.9792712,
            40.6830863
          ],
          [
            -73.9796259,
            40.6825816
          ],
          [
            -73.9796671,
            40.6825229
          ]
        ]
      }
    },
    {
      "type": "Feature",
      "id": "way/505864687",
      "properties": {
        "name": "West Drive",
        "kind": "street"
      },
      "geometry": {
        "type": "LineString",
        "coordinates": [
          [
            -73.9698134,
            40.6721969
          ],
          [
            -73.9697908,
            40.6721073
          ],
          [
            -73.96976,
            40.6719827
          ],
          [
            -73.9697278,
            40.6718206
          ],
          [
            -73.9697237,
            40.6717691
          ],
          [
            -73.9697297,
            40.671687
          ],
          [
            -73.9697332,
            40.6716446
          ],
          [
            -73.9697392,
            40.671604
          ],
          [
            -73.969763,
            40.6715318
          ],
          [
            -73.9697915,
            40.6714714
          ],
          [
            -73.9698245,
            40.671422
          ],
          [
            -73.9698614,
            40.6713731
          ],
          [
            -73.9699057,
            40.6713266
          ],
          [
            -73.9699568,
            40.6712838
          ],
          [
            -73.9700872,
            40.671207
          ],
          [
            -73.9701583,
            40.6711625
          ],
          [
            -73.970264,
            40.6710996
          ],
          [
            -73.9704216,
            40.6710047
          ]
        ]
      }
    },
    {
      "type": "Feature",
      "id": "way/511879299",
      "properties": {
        "name": "Bartel Pritchard Square",
        "kind": "street"
      },
      "geometry": {
        "type": "LineString",
        "coordinates": [
          [
            -73.9797314,
            40.6612357
          ],
          [
            -73.9797878,
            40.6612513
          ],
          [
            -73.979847,
            40.6612592
          ],
          [
            -73.979907,
            40.6612592
          ],
          [
            -73.9799662,
            40.6612512
          ],
          [
            -73.9800226,
            40.6612356
          ],
          [
            -73.9800745,
            40.6612127
          ],
          [
            -73.9801242,
            40.6611806
          ],
          [
            -73.9801325,
            40.6611752
          ]
        ]
      }
    },
    {
      "type": "Feature",
      "id": "way/524340776",
      "properties": {
        "name": "Carroll Street",
        "kind": "street"
      },
      "geometry": {
        "type": "LineString",
        "coordinates": [
          [
            -73.986308,
            40.677081
          ],
          [
            -73.9862122,
            40.6770445
          ],
          [
            -73.985511,
            40.6767755
          ],
          [
            -73.9854598,
            40.6767557
          ],
          [
            -73.9849253,
            40.6765496
          ],
          [
            -73.98485,
            40.6765205
          ],
          [
            -73.9847655,
            40.6764879
          ],
          [
            -73.9840686,
            40.6762154
          ],
          [
            -73.9839747,
            40.6761787
          ],
          [
            -73.9838153,
            40.6761159
          ],
          [
            -73.9837337,
            40.676084
          ],
          [
            -73.9833217,
            40.675923
          ],
          [
            -73.9829685,
            40.675785
          ],
          [
            -73.9814403,
            40.675188
          ],
          [
            -73.9813258,
            40.6751433
          ],
          [
            -73.9812343,
            40.6751074
          ],
          [
            -73.978928,
            40.6742028
          ],
          [
            -73.9788282,
            40.6741637
          ],
          [
            -73.9787534,
            40.6741349
          ],
          [
            -73.9764256,
            40.6732375
          ],
          [
            -73.976321,
            40.6731972
          ],
          [
            -73.9762299,
            40.6731615
          ],
          [
            -73.9754874,
            40.6728711
          ],
          [
            -73.97467,
            40.6725514
          ],
          [
            -73.9739164,
            40.6722561
          ],
          [
            -73.9738227,
            40.6722199
          ],
          [
            -73.973744,
            40.6721898
          ],
          [
            -73.971448,
            40.6712976
          ],
          [
            -73.9713385,
            40.6712477
          ]
        ]
      }
    },
    {
      "type": "Feature",
      "id": "way/525679230",
      "properties": {
        "name": "7th Avenue",
        "kind": "avenue"
      },
      "geometry": {
        "type": "LineString",
        "coordinates": [
          [
            -73.9732505,
            40.6777137
          ],
          [
            -73.9732839,
            40.6776646
          ],
          [
            -73.9736421,
            40.6771434
          ],
          [
            -73.973687,
            40.677078
          ],
          [
            -73.973719,
            40.6770305
          ],
          [
            -73.9740722,
            40.6765067
          ],
          [
            -73.974109,
            40.676452
          ],
          [
            -73.9741461,
            40.6763972
          ],
          [
            -73.9745552,
            40.6757936
          ],
          [
            -73.974597,
            40.675732
          ],
          [
            -73.9746347,
            40.6756767
          ],
          [
            -73.9749886,
            40.6751577
          ],
          [
            -73.97503,
            40.675097
          ],
          [
            -73.9750666,
            40.6750439
          ],
          [
            -73.9754169,
            40.674536
          ],
          [
            -73.9754639,
            40.6744679
          ],
          [
            -73.9755077,
            40.6744025
          ],
          [
            -73.975853,
            40.6738862
          ],
          [
            -73.9758924,
            40.6738279
          ],
          [
            -73.9759271,
            40.6737769
          ],
          [
            -73.9762797,
            40.673258
          ],
          [
            -73.976321,
            40.6731972
          ]
        ]
      }
    },
    {
      "type": "Feature",
      "id": "way/544812895",
      "properties": {
        "name": "Bergen Street",
        "kind": "street"
      },
      "geometry": {
        "type": "LineString",
        "coordinates": [
          [
            -73.9765996,
            40.6813204
          ],
          [
            -73.9769451,
            40.6814539
          ],
          [
            -73.9770217,
            40.6814835
          ]
        ]
      }
    },
    {
      "type": "Feature",
      "id": "way/547941711",
      "properties": {
        "name": "Prospect Expressway",
        "kind": "street"
      },
      "geometry": {
        "type": "LineString",
        "coordinates": [
          [
            -73.9864699,
            40.6596389
          ],
          [
            -73.9868681,
            40.6600312
          ],
          [
            -73.9871029,
            40.6603223
          ],
          [
            -73.9873388,
            40.6606391
          ],
          [
            -73.988031,
            40.6615995
          ],
          [
            -73.9885283,
            40.6622932
          ],
          [
            -73.9887543,
            40.6625852
          ],
          [
            -73.9889817,
            40.6628273
          ],
          [
            -73.9893659,
            40.6631773
          ],
          [
            -73.9896952,
            40.6634396
          ],
          [
            -73.9899315,
            40.6636058
          ],
          [
            -73.9902305,
            40.663802
          ],
          [
            -73.990829,
            40.6641782
          ]
        ]
      }
    },
    {
      "type": "Feature",
      "id": "way/587355749",
      "properties": {
        "name": "Bartel Pritchard Square",
        "kind": "street"
      },
      "geometry": {
        "type": "LineString",
        "coordinates": [
          [
            -73.980053,
            40.6607758
          ],
          [
            -73.9799928,
            40.6607537
          ],
          [
            -73.9799482,
            40.6607446
          ],
          [
            -73.9798887,
            40.6607391
          ],
          [
            -73.9798287,
            40.6607415
          ],
          [
            -73.9797702,
            40.6607518
          ],
          [
            -73.979715,
            40.6607696
          ],
          [
            -73.9796647,
            40.6607945
          ],
          [
            -73.9796243,
            40.6608243
          ],
          [
            -73.9795836,
            40.6608637
          ]
        ]
      }
    },
    {
      "type": "Feature",
      "id": "way/587355750",
      "properties": {
        "name": "9th Street",
        "kind": "street"
      },
      "geometry": {
        "type": "LineString",
        "coordinates": [
          [
            -73.9787369,
            40.665513
          ],
          [
            -73.9769542,
            40.6646489
          ],
          [
            -73.976863,
            40.6646049
          ]
        ]
      }
    },
    {
      "type": "Feature",
      "id": "way/604334774",
      "properties": {
        "name": "Pacific Street",
        "kind": "street"
      },
      "geometry": {
        "type": "LineString",
        "coordinates": [
          [
            -73.9787032,
            40.6837521
          ],
          [
            -73.9788027,
            40.6837888
          ]
        ]
      }
    },
    {
      "type": "Feature",
      "id": "way/620132897",
      "properties": {
        "name": "4th Avenue",
        "kind": "avenue"
      },
      "geometry": {
        "type": "LineString",
        "coordinates": [
          [
            -73.9791142,
            40.6830984
          ],
          [
            -73.979071,
            40.6831635
          ],
          [
            -73.9788829,
            40.683445
          ]
        ]
      }
    },
    {
      "type": "Feature",
      "id": "way/625647896",
      "properties": {
        "name": "6th Avenue",
        "kind": "avenue"
      },
      "geometry": {
        "type": "LineString",
        "coordinates": [
          [
            -73.9779581,
            40.6754423
          ],
          [
            -73.9779132,
            40.6755087
          ],
          [
            -73.97757,
            40.6760155
          ],
          [
            -73.977531,
            40.676073
          ],
          [
            -73.9774907,
            40.6761326
          ],
          [
            -73.9771391,
            40.6766522
          ],
          [
            -73.977102,
            40.676707
          ],
          [
            -73.9770624,
            40.676766
          ],
          [
            -73.9766514,
            40.6773782
          ],
          [
            -73.976616,
            40.677431
          ],
          [
            -73.9765735,
            40.6774928
          ],
          [
            -73.976217,
            40.6780112
          ],
          [
            -73.97618,
            40.678065
          ],
          [
            -73.97614,
            40.678124
          ],
          [
            -73.9757855,
            40.6786462
          ],
          [
            -73.975749,
            40.6787
          ],
          [
            -73.9757138,
            40.6787521
          ],
          [
            -73.9753562,
            40.679281
          ],
          [
            -73.975321,
            40.679333
          ]
        ]
      }
    },
    {
      "type": "Feature",
      "id": "way/625647904",
      "properties": {
        "name": "6th Avenue",
        "kind": "avenue"
      },
      "geometry": {
        "type": "LineString",
        "coordinates": [
          [
            -73.9746955,
            40.6802609
          ],
          [
            -73.9747445,
            40.6801898
          ],
          [
            -73.9747737,
            40.6801473
          ],
          [
            -73.9748959,
            40.6799691
          ],
          [
            -73.9749273,
            40.679917
          ]
        ]
      }
    },
    {
      "type": "Feature",
      "id": "way/660084142",
      "properties": {
        "name": "8th Street",
        "kind": "street"
      },
      "geometry": {
        "type": "LineString",
        "coordinates": [
          [
            -73.98107,
            40.667498
          ],
          [
            -73.9811838,
            40.6675533
          ],
          [
            -73.9829075,
            40.668391
          ]
        ]
      }
    },
    {
      "type": "Feature",
      "id": "way/660084146",
      "properties": {
        "name": "6th Avenue",
        "kind": "avenue"
      },
      "geometry": {
        "type": "LineString",
        "coordinates": [
          [
            -73.983943,
            40.66803
          ],
          [
            -73.984018,
            40.6679402
          ],
          [
            -73.9843944,
            40.6674893
          ],
          [
            -73.984438,
            40.667437
          ],
          [
            -73.9844837,
            40.6673824
          ],
          [
            -73.9849,
            40.6668853
          ],
          [
            -73.984943,
            40.666834
          ],
          [
            -73.9849893,
            40.6667786
          ],
          [
            -73.9854019,
            40.6662846
          ],
          [
            -73.985445,
            40.666233
          ],
          [
            -73.9854938,
            40.6661744
          ],
          [
            -73.9859045,
            40.6656821
          ],
          [
            -73.985948,
            40.66563
          ],
          [
            -73.985994,
            40.6655748
          ],
          [
            -73.9864021,
            40.6650854
          ],
          [
            -73.98645,
            40.665028
          ],
          [
            -73.9864933,
            40.6649759
          ],
          [
            -73.9869029,
            40.664483
          ],
          [
            -73.986951,
            40.664425
          ],
          [
            -73.9869978,
            40.664369
          ],
          [
            -73.9874101,
            40.6638744
          ],
          [
            -73.987453,
            40.663823
          ],
          [
            -73.9874995,
            40.6637675
          ],
          [
            -73.9882595,
            40.6628616
          ],
          [
            -73.9883236,
            40.6627982
          ],
          [
            -73.9883931,
            40.6627312
          ],
          [
            -73.9885285,
            40.6626055
          ],
          [
            -73.9885931,
            40.6625456
          ]
        ]
      }
    },
    {
      "type": "Feature",
      "id": "way/660084150",
      "properties": {
        "name": "8th Street",
        "kind": "street"
      },
      "geometry": {
        "type": "LineString",
        "coordinates": [
          [
            -73.9882732,
            40.6709889
          ],
          [
            -73.9883818,
            40.671041
          ],
          [
            -73.9899618,
            40.6717995
          ],
          [
            -73.9901197,
            40.6718753
          ],
          [
            -73.9904162,
            40.6720178
          ],
          [
            -73.990517,
            40.672066
          ],
          [
            -73.9906299,
            40.6721209
          ],
          [
            -73.9927454,
            40.67315
          ],
          [
            -73.9927824,
            40.673168
          ],
          [
            -73.992875,
            40.673213
          ]
        ]
      }
    },
    {
      "type": "Feature",
      "id": "way/680830191",
      "properties": {
        "name": "4th Avenue",
        "kind": "avenue"
      },
      "geometry": {
        "type": "LineString",
        "coordinates": [
          [
            -73.9917873,
            40.6667731
          ],
          [
            -73.9918461,
            40.6667026
          ],
          [
            -73.9921626,
            40.666324
          ]
        ]
      }
    },
    {
      "type": "Feature",
      "id": "way/680830192",
      "properties": {
        "name": "15th Street",
        "kind": "street"
      },
      "geometry": {
        "type": "LineString",
        "coordinates": [
          [
            -73.9917873,
            40.6667731
          ],
          [
            -73.9918892,
            40.6668225
          ],
          [
            -73.9939336,
            40.6678068
          ],
          [
            -73.9940294,
            40.6678529
          ]
        ]
      }
    },
    {
      "type": "Feature",
      "id": "way/680830193",
      "properties": {
        "name": "15th Street",
        "kind": "street"
      },
      "geometry": {
        "type": "LineString",
        "coordinates": [
          [
            -73.9916587,
            40.6667075
          ],
          [
            -73.9917873,
            40.6667731
          ]
        ]
      }
    },
    {
      "type": "Feature",
      "id": "way/680830264",
      "properties": {
        "name": "13th Street",
        "kind": "street"
      },
      "geometry": {
        "type": "LineString",
        "coordinates": [
          [
            -73.9907868,
            40.667975
          ],
          [
            -73.9908962,
            40.6680274
          ],
          [
            -73.9927056,
            40.668894
          ],
          [
            -73.9929364,
            40.6690041
          ],
          [
            -73.9930324,
            40.6690499
          ],
          [
            -73.993137,
            40.6691007
          ],
          [
            -73.9932266,
            40.6691441
          ],
          [
            -73.9953012,
            40.6701509
          ],
          [
            -73.995392,
            40.670195
          ]
        ]
      }
    },
    {
      "type": "Feature",
      "id": "way/680830265",
      "properties": {
        "name": "13th Street",
        "kind": "street"
      },
      "geometry": {
        "type": "LineString",
        "coordinates": [
          [
            -73.9906559,
            40.6679123
          ],
          [
            -73.9907868,
            40.667975
          ]
        ]
      }
    },
    {
      "type": "Feature",
      "id": "way/680830266",
      "properties": {
        "name": "4th Avenue",
        "kind": "avenue"
      },
      "geometry": {
        "type": "LineString",
        "coordinates": [
          [
            -73.9906559,
            40.6679123
          ],
          [
            -73.9906057,
            40.6679726
          ],
          [
            -73.9902947,
            40.6683464
          ]
        ]
      }
    },
    {
      "type": "Feature",
      "id": "way/680830519",
      "properties": {
        "name": "4th Avenue",
        "kind": "avenue"
      },
      "geometry": {
        "type": "LineString",
        "coordinates": [
          [
            -73.9897834,
            40.669174
          ],
          [
            -73.9898334,
            40.6691142
          ],
          [
            -73.9901591,
            40.6687249
          ]
        ]
      }
    },
    {
      "type": "Feature",
      "id": "way/680830522",
      "properties": {
        "name": "11th Street",
        "kind": "street"
      },
      "geometry": {
        "type": "LineString",
        "coordinates": [
          [
            -73.9897834,
            40.669174
          ],
          [
            -73.9898813,
            40.6692184
          ],
          [
            -73.9919319,
            40.6702123
          ],
          [
            -73.992024,
            40.670257
          ],
          [
            -73.9921426,
            40.6703143
          ],
          [
            -73.9937085,
            40.6710716
          ],
          [
            -73.9937894,
            40.6711107
          ],
          [
            -73.9942413,
            40.6713293
          ],
          [
            -73.9942899,
            40.6713528
          ],
          [
            -73.9943863,
            40.6713994
          ]
        ]
      }
    },
    {
      "type": "Feature",
      "id": "way/680830527",
      "properties": {
        "name": "11th Street",
        "kind": "street"
      },
      "geometry": {
        "type": "LineString",
        "coordinates": [
          [
            -73.9896547,
            40.6691156
          ],
          [
            -73.9897834,
            40.669174
          ]
        ]
      }
    },
    {
      "type": "Feature",
      "id": "way/680830801",
      "properties": {
        "name": "8th Street",
        "kind": "street"
      },
      "geometry": {
        "type": "LineString",
        "coordinates": [
          [
            -73.988146,
            40.670928
          ],
          [
            -73.9882732,
            40.6709889
          ]
        ]
      }
    },
    {
      "type": "Feature",
      "id": "way/680830802",
      "properties": {
        "name": "8th Street",
        "kind": "street"
      },
      "geometry": {
        "type": "LineString",
        "coordinates": [
          [
            -73.983439,
            40.6686491
          ],
          [
            -73.983531,
            40.668693
          ],
          [
            -73.9851281,
            40.6694602
          ],
          [
            -73.9857033,
            40.6697382
          ],
          [
            -73.985796,
            40.669783
          ],
          [
            -73.9859018,
            40.6698345
          ],
          [
            -73.9861747,
            40.6699675
          ],
          [
            -73.9865711,
            40.6701606
          ],
          [
            -73.9877621,
            40.670741
          ],
          [
            -73.9880598,
            40.670886
          ],
          [
            -73.988146,
            40.670928
          ]
        ]
      }
    },
    {
      "type": "Feature",
      "id": "way/680830803",
      "properties": {
        "name": "4th Avenue",
        "kind": "avenue"
      },
      "geometry": {
        "type": "LineString",
        "coordinates": [
          [
            -73.9886539,
            40.6703175
          ],
          [
            -73.9885862,
            40.6703988
          ],
          [
            -73.9882875,
            40.6707579
          ]
        ]
      }
    },
    {
      "type": "Feature",
      "id": "way/693604382",
      "properties": {
        "name": "4th Avenue",
        "kind": "avenue"
      },
      "geometry": {
        "type": "LineString",
        "coordinates": [
          [
            -73.9846314,
            40.6751392
          ],
          [
            -73.9845801,
            40.6751997
          ],
          [
            -73.9841671,
            40.6756869
          ],
          [
            -73.984127,
            40.6757342
          ],
          [
            -73.9840796,
            40.6757921
          ],
          [
            -73.9838601,
            40.6760605
          ],
          [
            -73.9838153,
            40.6761159
          ]
        ]
      }
    },
    {
      "type": "Feature",
      "id": "way/693607461",
      "properties": {
        "name": "18th Street",
        "kind": "street"
      },
      "geometry": {
        "type": "LineString",
        "coordinates": [
          [
            -73.9795624,
            40.6557209
          ],
          [
            -73.9805753,
            40.6563335
          ],
          [
            -73.9806537,
            40.6563804
          ],
          [
            -73.9807394,
            40.6564316
          ],
          [
            -73.9822634,
            40.6573546
          ],
          [
            -73.9827726,
            40.6576611
          ],
          [
            -73.9828555,
            40.6577125
          ],
          [
            -73.9829534,
            40.6577721
          ],
          [
            -73.9832606,
            40.6579543
          ]
        ]
      }
    },
    {
      "type": "Feature",
      "id": "way/693614042",
      "properties": {
        "name": "3rd Street",
        "kind": "street"
      },
      "geometry": {
        "type": "LineString",
        "coordinates": [
          [
            -73.9737082,
            40.6681688
          ],
          [
            -73.9736559,
            40.6681422
          ],
          [
            -73.9735156,
            40.6680716
          ],
          [
            -73.9733906,
            40.6680216
          ],
          [
            -73.973234,
            40.667973
          ],
          [
            -73.973077,
            40.667948
          ],
          [
            -73.9729961,
            40.6679409
          ],
          [
            -73.97293,
            40.667938
          ]
        ]
      }
    },
    {
      "type": "Feature",
      "id": "way/702828628",
      "properties": {
        "name": "East Drive",
        "kind": "street"
      },
      "geometry": {
        "type": "LineString",
        "coordinates": [
          [
            -73.969685,
            40.6725313
          ],
          [
            -73.9696804,
            40.6725473
          ],
          [
            -73.9696766,
            40.6725604
          ],
          [
            -73.9696532,
            40.672641
          ]
        ]
      }
    },
    {
      "type": "Feature",
      "id": "way/702841917",
      "properties": {
        "name": "West Drive",
        "kind": "street"
      },
      "geometry": {
        "type": "LineString",
        "coordinates": [
          [
            -73.9698424,
            40.6723137
          ],
          [
            -73.9698206,
            40.6722257
          ],
          [
            -73.9698134,
            40.6721969
          ]
        ]
      }
    },
    {
      "type": "Feature",
      "id": "way/705001384",
      "properties": {
        "name": "3rd Street",
        "kind": "street"
      },
      "geometry": {
        "type": "LineString",
        "coordinates": [
          [
            -73.9738386,
            40.6682342
          ],
          [
            -73.9737677,
            40.6681982
          ],
          [
            -73.9737082,
            40.6681688
          ]
        ]
      }
    },
    {
      "type": "Feature",
      "id": "way/742718435",
      "properties": {
        "name": "3rd Street",
        "kind": "street"
      },
      "geometry": {
        "type": "LineString",
        "coordinates": [
          [
            -73.983283,
            40.6727965
          ],
          [
            -73.9831868,
            40.67275
          ],
          [
            -73.9810189,
            40.6717014
          ],
          [
            -73.980923,
            40.671655
          ]
        ]
      }
    },
    {
      "type": "Feature",
      "id": "way/775108146",
      "properties": {
        "name": "Prospect Park West",
        "kind": "avenue"
      },
      "geometry": {
        "type": "LineString",
        "coordinates": [
          [
            -73.9738386,
            40.6682342
          ],
          [
            -73.9738962,
            40.6681653
          ],
          [
            -73.9743437,
            40.6676296
          ],
          [
            -73.9747161,
            40.6671888
          ],
          [
            -73.9748114,
            40.6670759
          ],
          [
            -73.9748539,
            40.6670245
          ],
          [
            -73.9748959,
            40.6669734
          ],
          [
            -73.9753528,
            40.6664233
          ],
          [
            -73.9758092,
            40.6658738
          ],
          [
            -73.9758542,
            40.6658199
          ],
          [
            -73.9758967,
            40.665767
          ],
          [
            -73.9760511,
            40.6655746
          ],
          [
            -73.9763522,
            40.6652136
          ],
          [
            -73.9765479,
            40.6649808
          ]
        ]
      }
    },
    {
      "type": "Feature",
      "id": "way/800536551",
      "properties": {
        "name": "Prospect Park West",
        "kind": "avenue"
      },
      "geometry": {
        "type": "LineString",
        "coordinates": [
          [
            -73.9704767,
            40.6724654
          ],
          [
            -73.9704936,
            40.6724293
          ],
          [
            -73.9705139,
            40.6723902
          ],
          [
            -73.970578,
            40.6722804
          ],
          [
            -73.970676,
            40.6721383
          ],
          [
            -73.9708665,
            40.6718751
          ],
          [
            -73.9712967,
            40.6713
          ],
          [
            -73.9713385,
            40.6712477
          ],
          [
            -73.9713788,
            40.6711973
          ],
          [
            -73.971597,
            40.6709249
          ],
          [
            -73.9718319,
            40.6706411
          ],
          [
            -73.9722924,
            40.6700848
          ],
          [
            -73.9723329,
            40.6700364
          ],
          [
            -73.9723682,
            40.6699933
          ],
          [
            -73.9727922,
            40.6694868
          ],
          [
            -73.9728368,
            40.6694335
          ],
          [
            -73.9728802,
            40.6693816
          ],
          [
            -73.9733329,
            40.6688396
          ],
          [
            -73.9737876,
            40.6682953
          ],
          [
            -73.9738386,
            40.6682342
          ]
        ]
      }
    },
    {
      "type": "Feature",
      "id": "way/800536552",
      "properties": {
        "name": "1st Street",
        "kind": "street"
      },
      "geometry": {
        "type": "LineString",
        "coordinates": [
          [
            -73.9846314,
            40.6751392
          ],
          [
            -73.9845486,
            40.6750991
          ],
          [
            -73.9823859,
            40.6740527
          ],
          [
            -73.9822786,
            40.6740008
          ],
          [
            -73.9821864,
            40.6739557
          ],
          [
            -73.9819572,
            40.6738435
          ],
          [
            -73.9800145,
            40.6729051
          ],
          [
            -73.979917,
            40.672858
          ],
          [
            -73.9798346,
            40.6728181
          ],
          [
            -73.9790346,
            40.6724305
          ],
          [
            -73.9782235,
            40.6720375
          ],
          [
            -73.977664,
            40.6717664
          ],
          [
            -73.977558,
            40.671715
          ],
          [
            -73.9774661,
            40.6716707
          ],
          [
            -73.9756443,
            40.6707922
          ],
          [
            -73.9752839,
            40.6706192
          ],
          [
            -73.975196,
            40.670576
          ],
          [
            -73.9751101,
            40.6705344
          ],
          [
            -73.9729302,
            40.6694788
          ],
          [
            -73.9728368,
            40.6694335
          ]
        ]
      }
    },
    {
      "type": "Feature",
      "id": "way/806160726",
      "properties": {
        "name": "Saint Marks Place",
        "kind": "street"
      },
      "geometry": {
        "type": "LineString",
        "coordinates": [
          [
            -73.9800945,
            40.6818815
          ],
          [
            -73.979975,
            40.6818357
          ],
          [
            -73.9798735,
            40.6817961
          ],
          [
            -73.977552,
            40.6808909
          ],
          [
            -73.9774513,
            40.6808516
          ]
        ]
      }
    },
    {
      "type": "Feature",
      "id": "way/809324064",
      "properties": {
        "name": "Plaza Street West",
        "kind": "street"
      },
      "geometry": {
        "type": "LineString",
        "coordinates": [
          [
            -73.9704228,
            40.6726464
          ],
          [
            -73.9703338,
            40.6726455
          ],
          [
            -73.9701373,
            40.6726363
          ]
        ]
      }
    },
    {
      "type": "Feature",
      "id": "way/837644384",
      "properties": {
        "name": "5th Avenue",
        "kind": "avenue"
      },
      "geometry": {
        "type": "LineString",
        "coordinates": [
          [
            -73.9868,
            40.668578
          ],
          [
            -73.9868457,
            40.6685229
          ],
          [
            -73.9872523,
            40.6680326
          ],
          [
            -73.9873,
            40.667975
          ],
          [
            -73.9873402,
            40.667927
          ],
          [
            -73.9877558,
            40.6674305
          ],
          [
            -73.987804,
            40.667373
          ],
          [
            -73.9878458,
            40.6673229
          ],
          [
            -73.9882598,
            40.6668266
          ],
          [
            -73.988307,
            40.66677
          ]
        ]
      }
    },
    {
      "type": "Feature",
      "id": "way/837644385",
      "properties": {
        "name": "5th Avenue",
        "kind": "avenue"
      },
      "geometry": {
        "type": "LineString",
        "coordinates": [
          [
            -73.9782781,
            40.6796349
          ],
          [
            -73.9783177,
            40.679578
          ],
          [
            -73.9786282,
            40.679117
          ],
          [
            -73.9786704,
            40.6790543
          ]
        ]
      }
    },
    {
      "type": "Feature",
      "id": "way/837644386",
      "properties": {
        "name": "5th Avenue",
        "kind": "avenue"
      },
      "geometry": {
        "type": "LineString",
        "coordinates": [
          [
            -73.9808972,
            40.6757777
          ],
          [
            -73.9809319,
            40.6757263
          ],
          [
            -73.9812853,
            40.6752033
          ],
          [
            -73.9813258,
            40.6751433
          ]
        ]
      }
    },
    {
      "type": "Feature",
      "id": "way/837644387",
      "properties": {
        "name": "5th Avenue",
        "kind": "avenue"
      },
      "geometry": {
        "type": "LineString",
        "coordinates": [
          [
            -73.9804633,
            40.6764175
          ],
          [
            -73.9805089,
            40.6763503
          ],
          [
            -73.9808552,
            40.6758397
          ],
          [
            -73.9808972,
            40.6757777
          ]
        ]
      }
    },
    {
      "type": "Feature",
      "id": "way/895615787",
      "properties": {
        "name": "Butler Street",
        "kind": "street"
      },
      "geometry": {
        "type": "LineString",
        "coordinates": [
          [
            -73.981265,
            40.6799337
          ],
          [
            -73.9813841,
            40.6799801
          ],
          [
            -73.9814965,
            40.6800236
          ],
          [
            -73.9826681,
            40.6804766
          ],
          [
            -73.9836118,
            40.6808416
          ],
          [
            -73.983711,
            40.68088
          ]
        ]
      }
    },
    {
      "type": "Feature",
      "id": "way/898082584",
      "properties": {
        "name": "Grand Army Plaza",
        "kind": "street"
      },
      "geometry": {
        "type": "LineString",
        "coordinates": [
          [
            -73.9704603,
            40.6734095
          ],
          [
            -73.9704084,
            40.6732806
          ]
        ]
      }
    },
    {
      "type": "Feature",
      "id": "way/902745236",
      "properties": {
        "name": "Dean Street",
        "kind": "street"
      },
      "geometry": {
        "type": "LineString",
        "coordinates": [
          [
            -73.9792307,
            40.683144
          ],
          [
            -73.9791142,
            40.6830984
          ]
        ]
      }
    },
    {
      "type": "Feature",
      "id": "way/902880843",
      "properties": {
        "name": "Prospect Park West Bike Path",
        "kind": "street"
      },
      "geometry": {
        "type": "LineString",
        "coordinates": [
          [
            -73.9795353,
            40.6612615
          ],
          [
            -73.9795158,
            40.6612927
          ]
        ]
      }
    },
    {
      "type": "Feature",
      "id": "way/957791472",
      "properties": {
        "name": "Prospect Expressway",
        "kind": "street"
      },
      "geometry": {
        "type": "LineString",
        "coordinates": [
          [
            -73.9829717,
            40.6574244
          ],
          [
            -73.9842189,
            40.6581667
          ],
          [
            -73.9855978,
            40.6589964
          ],
          [
            -73.9861087,
            40.6593412
          ],
          [
            -73.9864699,
            40.6596389
          ]
        ]
      }
    },
    {
      "type": "Feature",
      "id": "way/962935993",
      "properties": {
        "name": "4th Avenue",
        "kind": "avenue"
      },
      "geometry": {
        "type": "LineString",
        "coordinates": [
          [
            -73.9898043,
            40.6689358
          ],
          [
            -73.9897707,
            40.6689762
          ]
        ]
      }
    },
    {
      "type": "Feature",
      "id": "way/962935994",
      "properties": {
        "name": "4th Avenue",
        "kind": "avenue"
      },
      "geometry": {
        "type": "LineString",
        "coordinates": [
          [
            -73.9902947,
            40.6683464
          ],
          [
            -73.9902017,
            40.6684581
          ],
          [
            -73.990157,
            40.6685119
          ]
        ]
      }
    },
    {
      "type": "Feature",
      "id": "way/962935995",
      "properties": {
        "name": "12th Street",
        "kind": "street"
      },
      "geometry": {
        "type": "LineString",
        "coordinates": [
          [
            -73.990157,
            40.6685119
          ],
          [
            -73.9900756,
            40.6684725
          ],
          [
            -73.987913,
            40.6674258
          ],
          [
            -73.987804,
            40.667373
          ],
          [
            -73.9877105,
            40.6673278
          ],
          [
            -73.9855342,
            40.6662761
          ],
          [
            -73.985445,
            40.666233
          ],
          [
            -73.9853529,
            40.6661885
          ],
          [
            -73.9831861,
            40.6651404
          ],
          [
            -73.983085,
            40.665092
          ],
          [
            -73.9829949,
            40.6650484
          ],
          [
            -73.982315,
            40.6647196
          ],
          [
            -73.9808069,
            40.6639902
          ],
          [
            -73.980724,
            40.66395
          ],
          [
            -73.9806531,
            40.6639155
          ],
          [
            -73.9785118,
            40.662877
          ],
          [
            -73.9784535,
            40.6628487
          ],
          [
            -73.9783622,
            40.6628045
          ]
        ]
      }
    },
    {
      "type": "Feature",
      "id": "way/962935996",
      "properties": {
        "name": "4th Avenue",
        "kind": "avenue"
      },
      "geometry": {
        "type": "LineString",
        "coordinates": [
          [
            -73.990157,
            40.6685119
          ],
          [
            -73.9901084,
            40.6685703
          ],
          [
            -73.9898043,
            40.6689358
          ]
        ]
      }
    },
    {
      "type": "Feature",
      "id": "way/962939269",
      "properties": {
        "name": "4th Avenue",
        "kind": "avenue"
      },
      "geometry": {
        "type": "LineString",
        "coordinates": [
          [
            -73.9847754,
            40.6749781
          ],
          [
            -73.9846781,
            40.675087
          ],
          [
            -73.9846314,
            40.6751392
          ]
        ]
      }
    },
    {
      "type": "Feature",
      "id": "way/962940915",
      "properties": {
        "name": "4th Avenue",
        "kind": "avenue"
      },
      "geometry": {
        "type": "LineString",
        "coordinates": [
          [
            -73.9882875,
            40.6707579
          ],
          [
            -73.988194,
            40.6708703
          ],
          [
            -73.988146,
            40.670928
          ]
        ]
      }
    },
    {
      "type": "Feature",
      "id": "way/963580776",
      "properties": {
        "name": "4th Avenue",
        "kind": "avenue"
      },
      "geometry": {
        "type": "LineString",
        "coordinates": [
          [
            -73.9913377,
            40.6670929
          ],
          [
            -73.9912059,
            40.6672513
          ],
          [
            -73.9911608,
            40.6673055
          ]
        ]
      }
    },
    {
      "type": "Feature",
      "id": "way/963580777",
      "properties": {
        "name": "14th Street",
        "kind": "street"
      },
      "geometry": {
        "type": "LineString",
        "coordinates": [
          [
            -73.9911608,
            40.6673055
          ],
          [
            -73.991067,
            40.6672602
          ],
          [
            -73.9898233,
            40.6666605
          ],
          [
            -73.9889188,
            40.6662227
          ],
          [
            -73.98881,
            40.66617
          ],
          [
            -73.988711,
            40.6661225
          ],
          [
            -73.9875428,
            40.6655578
          ],
          [
            -73.9865414,
            40.6650722
          ],
          [
            -73.98645,
            40.665028
          ],
          [
            -73.9863618,
            40.6649853
          ],
          [
            -73.9854634,
            40.6645507
          ],
          [
            -73.9841975,
            40.6639385
          ],
          [
            -73.984089,
            40.663886
          ],
          [
            -73.9839952,
            40.6638406
          ],
          [
            -73.9818281,
            40.6627925
          ],
          [
            -73.981728,
            40.662744
          ],
          [
            -73.9816434,
            40.6627048
          ],
          [
            -73.9794572,
            40.6616502
          ],
          [
            -73.9793623,
            40.6616045
          ]
        ]
      }
    },
    {
      "type": "Feature",
      "id": "way/963580778",
      "properties": {
        "name": "4th Avenue",
        "kind": "avenue"
      },
      "geometry": {
        "type": "LineString",
        "coordinates": [
          [
            -73.9911608,
            40.6673055
          ],
          [
            -73.9911093,
            40.6673674
          ],
          [
            -73.9908326,
            40.6676999
          ]
        ]
      }
    },
    {
      "type": "Feature",
      "id": "way/963580779",
      "properties": {
        "name": "4th Avenue",
        "kind": "avenue"
      },
      "geometry": {
        "type": "LineString",
        "coordinates": [
          [
            -73.9908326,
            40.6676999
          ],
          [
            -73.9907045,
            40.6678539
          ],
          [
            -73.9906559,
            40.6679123
          ]
        ]
      }
    },
    {
      "type": "Feature",
      "id": "way/963614184",
      "properties": {
        "name": "4th Avenue",
        "kind": "avenue"
      },
      "geometry": {
        "type": "LineString",
        "coordinates": [
          [
            -73.9888371,
            40.6700972
          ],
          [
            -73.9887921,
            40.6701513
          ]
        ]
      }
    },
    {
      "type": "Feature",
      "id": "way/964220608",
      "properties": {
        "name": "Prospect Avenue",
        "kind": "street"
      },
      "geometry": {
        "type": "LineString",
        "coordinates": [
          [
            -73.9927351,
            40.6654635
          ],
          [
            -73.9928529,
            40.6655335
          ],
          [
            -73.9929331,
            40.6655812
          ],
          [
            -73.9938599,
            40.6661581
          ]
        ]
      }
    },
    {
      "type": "Feature",
      "id": "way/996841899",
      "properties": {
        "name": "5th Avenue",
        "kind": "avenue"
      },
      "geometry": {
        "type": "LineString",
        "coordinates": [
          [
            -73.9778489,
            40.6802668
          ],
          [
            -73.9778839,
            40.6802155
          ],
          [
            -73.9782403,
            40.6796893
          ],
          [
            -73.9782781,
            40.6796349
          ]
        ]
      }
    },
    {
      "type": "Feature",
      "id": "way/1008635315",
      "properties": {
        "name": "6th Avenue",
        "kind": "avenue"
      },
      "geometry": {
        "type": "LineString",
        "coordinates": [
          [
            -73.9749273,
            40.679917
          ],
          [
            -73.9749899,
            40.6798241
          ],
          [
            -73.975284,
            40.6793879
          ],
          [
            -73.975321,
            40.679333
          ]
        ]
      }
    },
    {
      "type": "Feature",
      "id": "way/1021007091",
      "properties": {
        "name": "West Drive",
        "kind": "street"
      },
      "geometry": {
        "type": "LineString",
        "coordinates": [
          [
            -73.9794052,
            40.6610711
          ],
          [
            -73.9793115,
            40.6610868
          ]
        ]
      }
    },
    {
      "type": "Feature",
      "id": "way/1022612904",
      "properties": {
        "name": "Flatbush Avenue",
        "kind": "street"
      },
      "geometry": {
        "type": "LineString",
        "coordinates": [
          [
            -73.9627768,
            40.6633528
          ],
          [
            -73.9627645,
            40.6634205
          ],
          [
            -73.9628078,
            40.6634691
          ],
          [
            -73.9630038,
            40.6637529
          ],
          [
            -73.9632024,
            40.6640482
          ],
          [
            -73.9632192,
            40.6640929
          ],
          [
            -73.9632339,
            40.6641412
          ],
          [
            -73.9632621,
            40.6641916
          ],
          [
            -73.9637381,
            40.6648848
          ],
          [
            -73.964336,
            40.6657546
          ],
          [
            -73.9644215,
            40.6658786
          ],
          [
            -73.9655688,
            40.6675384
          ],
          [
            -73.9664709,
            40.6687808
          ],
          [
            -73.9667516,
            40.6691675
          ],
          [
            -73.9677923,
            40.6706002
          ],
          [
            -73.968771,
            40.6719495
          ],
          [
            -73.9688771,
            40.672092
          ],
          [
            -73.968896,
            40.6721173
          ],
          [
            -73.9690308,
            40.6722816
          ],
          [
            -73.9691244,
            40.6724105
          ],
          [
            -73.9691589,
            40.6724624
          ],
          [
            -73.9692085,
            40.6724881
          ],
          [
            -73.9692504,
            40.6725005
          ],
          [
            -73.9693235,
            40.6725163
          ],
          [
            -73.9694073,
            40.6725305
          ],
          [
            -73.9696766,
            40.6725604
          ]
        ]
      }
    },
    {
      "type": "Feature",
      "id": "way/1022627161",
      "properties": {
        "name": "West Drive",
        "kind": "street"
      },
      "geometry": {
        "type": "LineString",
        "coordinates": [
          [
            -73.9700414,
            40.6726408
          ],
          [
            -73.9699928,
            40.6725772
          ]
        ]
      }
    },
    {
      "type": "Feature",
      "id": "way/1032460480",
      "properties": {
        "name": "4th Avenue",
        "kind": "avenue"
      },
      "geometry": {
        "type": "LineString",
        "coordinates": [
          [
            -73.9882732,
            40.6709889
          ],
          [
            -73.9883219,
            40.6709303
          ],
          [
            -73.9885134,
            40.6706994
          ],
          [
            -73.9886009,
            40.6705939
          ]
        ]
      }
    },
    {
      "type": "Feature",
      "id": "way/1032462393",
      "properties": {
        "name": "Prospect Park West",
        "kind": "avenue"
      },
      "geometry": {
        "type": "LineString",
        "coordinates": [
          [
            -73.9765479,
            40.6649808
          ],
          [
            -73.9767917,
            40.6646907
          ],
          [
            -73.976863,
            40.6646049
          ]
        ]
      }
    },
    {
      "type": "Feature",
      "id": "way/1032465841",
      "properties": {
        "name": "Warren Street",
        "kind": "street"
      },
      "geometry": {
        "type": "LineString",
        "coordinates": [
          [
            -73.980523,
            40.6812492
          ],
          [
            -73.9806324,
            40.6812914
          ],
          [
            -73.9827588,
            40.6821119
          ],
          [
            -73.982855,
            40.682149
          ]
        ]
      }
    },
    {
      "type": "Feature",
      "id": "way/1032465842",
      "properties": {
        "name": "4th Avenue",
        "kind": "avenue"
      },
      "geometry": {
        "type": "LineString",
        "coordinates": [
          [
            -73.980523,
            40.6812492
          ],
          [
            -73.9805636,
            40.6811895
          ],
          [
            -73.9807224,
            40.6809563
          ]
        ]
      }
    },
    {
      "type": "Feature",
      "id": "way/1032466111",
      "properties": {
        "name": "Prospect Park West",
        "kind": "avenue"
      },
      "geometry": {
        "type": "LineString",
        "coordinates": [
          [
            -73.9793623,
            40.6616045
          ],
          [
            -73.9794012,
            40.6615578
          ],
          [
            -73.9795925,
            40.6613283
          ]
        ]
      }
    },
    {
      "type": "Feature",
      "id": "way/1053562976",
      "properties": {
        "name": "4th Avenue",
        "kind": "avenue"
      },
      "geometry": {
        "type": "LineString",
        "coordinates": [
          [
            -73.9890525,
            40.6700524
          ],
          [
            -73.9892327,
            40.669837
          ],
          [
            -73.9892762,
            40.669785
          ]
        ]
      }
    },
    {
      "type": "Feature",
      "id": "way/1054894177",
      "properties": {
        "name": "5th Avenue",
        "kind": "avenue"
      },
      "geometry": {
        "type": "LineString",
        "coordinates": [
          [
            -73.9774513,
            40.6808516
          ],
          [
            -73.9774893,
            40.6807958
          ],
          [
            -73.9778039,
            40.680333
          ],
          [
            -73.9778489,
            40.6802668
          ]
        ]
      }
    },
    {
      "type": "Feature",
      "id": "way/1054894178",
      "properties": {
        "name": "5th Avenue",
        "kind": "avenue"
      },
      "geometry": {
        "type": "LineString",
        "coordinates": [
          [
            -73.9800344,
            40.6770499
          ],
          [
            -73.9800712,
            40.6769956
          ],
          [
            -73.9804195,
            40.6764822
          ],
          [
            -73.9804633,
            40.6764175
          ]
        ]
      }
    },
    {
      "type": "Feature",
      "id": "way/1054894179",
      "properties": {
        "name": "5th Avenue",
        "kind": "avenue"
      },
      "geometry": {
        "type": "LineString",
        "coordinates": [
          [
            -73.983283,
            40.6727965
          ],
          [
            -73.9833298,
            40.6727404
          ],
          [
            -73.9834768,
            40.6725641
          ],
          [
            -73.9836872,
            40.6723117
          ],
          [
            -73.9837374,
            40.6722515
          ],
          [
            -73.9837886,
            40.6721901
          ]
        ]
      }
    },
    {
      "type": "Feature",
      "id": "way/1079991581",
      "properties": {
        "name": "Atlantic Avenue",
        "kind": "street"
      },
      "geometry": {
        "type": "LineString",
        "coordinates": [
          [
            -73.9789114,
            40.6846302
          ],
          [
            -73.9787581,
            40.6845706
          ],
          [
            -73.9786577,
            40.6845316
          ],
          [
            -73.9784853,
            40.6844646
          ],
          [
            -73.9783923,
            40.6844259
          ]
        ]
      }
    },
    {
      "type": "Feature",
      "id": "way/1085602683",
      "properties": {
        "name": "4th Avenue",
        "kind": "avenue"
      },
      "geometry": {
        "type": "LineString",
        "coordinates": [
          [
            -73.9791637,
            40.6832449
          ],
          [
            -73.9791892,
            40.6832065
          ],
          [
            -73.9792307,
            40.683144
          ]
        ]
      }
    },
    {
      "type": "Feature",
      "id": "way/1085706314",
      "properties": {
        "name": "Prospect Park Southwest",
        "kind": "street"
      },
      "geometry": {
        "type": "LineString",
        "coordinates": [
          [
            -73.9794684,
            40.6608078
          ],
          [
            -73.9794193,
            40.6607839
          ],
          [
            -73.9790671,
            40.6606122
          ]
        ]
      }
    },
    {
      "type": "Feature",
      "id": "way/1099415510",
      "properties": {
        "name": "Prospect Avenue",
        "kind": "street"
      },
      "geometry": {
        "type": "LineString",
        "coordinates": [
          [
            -73.9764423,
            40.6546315
          ],
          [
            -73.9765555,
            40.655232
          ],
          [
            -73.9765699,
            40.6553114
          ],
          [
            -73.9765847,
            40.6553929
          ],
          [
            -73.9765983,
            40.6554681
          ],
          [
            -73.9766218,
            40.6555466
          ],
          [
            -73.9766479,
            40.6556082
          ],
          [
            -73.9766702,
            40.6556524
          ],
          [
            -73.9767252,
            40.6557292
          ],
          [
            -73.9767711,
            40.655786
          ],
          [
            -73.976846,
            40.6558517
          ],
          [
            -73.976935,
            40.6559206
          ],
          [
            -73.9772282,
            40.6561028
          ],
          [
            -73.977308,
            40.65615
          ],
          [
            -73.9773969,
            40.6562036
          ],
          [
            -73.9775534,
            40.6562979
          ],
          [
            -73.9777132,
            40.6563942
          ],
          [
            -73.9794354,
            40.6574325
          ],
          [
            -73.979513,
            40.657479
          ],
          [
            -73.9795994,
            40.6575312
          ],
          [
            -73.980268,
            40.657935
          ],
          [
            -73.980978,
            40.658363
          ],
          [
            -73.981633,
            40.6587588
          ],
          [
            -73.9817165,
            40.6588087
          ],
          [
            -73.9818057,
            40.6588626
          ],
          [
            -73.9824953,
            40.6592786
          ],
          [
            -73.9832225,
            40.6597174
          ],
          [
            -73.9838315,
            40.6600824
          ],
          [
            -73.983918,
            40.660137
          ],
          [
            -73.984006,
            40.6601907
          ],
          [
            -73.9860278,
            40.6614116
          ],
          [
            -73.986123,
            40.661469
          ],
          [
            -73.9862241,
            40.6615302
          ],
          [
            -73.986856,
            40.661914
          ],
          [
            -73.987163,
            40.6620957
          ],
          [
            -73.987221,
            40.66213
          ],
          [
            -73.9872806,
            40.6621658
          ],
          [
            -73.987569,
            40.662339
          ],
          [
            -73.9882282,
            40.6627401
          ],
          [
            -73.9883236,
            40.6627982
          ]
        ]
      }
    },
    {
      "type": "Feature",
      "id": "way/1121724623",
      "properties": {
        "name": "Flatbush Avenue",
        "kind": "street"
      },
      "geometry": {
        "type": "LineString",
        "coordinates": [
          [
            -73.9774763,
            40.6840637
          ],
          [
            -73.9776242,
            40.6842736
          ],
          [
            -73.977677,
            40.684347
          ],
          [
            -73.9777433,
            40.6844398
          ],
          [
            -73.977917,
            40.6846833
          ],
          [
            -73.9779533,
            40.6847342
          ],
          [
            -73.9779896,
            40.684785
          ],
          [
            -73.978061,
            40.6848845
          ]
        ]
      }
    },
    {
      "type": "Feature",
      "id": "way/1125683853",
      "properties": {
        "name": "Plaza Street West",
        "kind": "street"
      },
      "geometry": {
        "type": "LineString",
        "coordinates": [
          [
            -73.9701373,
            40.6726363
          ],
          [
            -73.9700414,
            40.6726408
          ]
        ]
      }
    },
    {
      "type": "Feature",
      "id": "way/1136731947",
      "properties": {
        "name": "18th Street",
        "kind": "street"
      },
      "geometry": {
        "type": "LineString",
        "coordinates": [
          [
            -73.9832606,
            40.6579543
          ],
          [
            -73.9839717,
            40.6583761
          ],
          [
            -73.9849776,
            40.6590037
          ],
          [
            -73.9850837,
            40.6590393
          ]
        ]
      }
    },
    {
      "type": "Feature",
      "id": "way/1164496083",
      "properties": {
        "name": "Times Plaza",
        "kind": "street"
      },
      "geometry": {
        "type": "LineString",
        "coordinates": [
          [
            -73.9782849,
            40.6843811
          ],
          [
            -73.9782354,
            40.6844571
          ],
          [
            -73.9782231,
            40.6844789
          ]
        ]
      }
    },
    {
      "type": "Feature",
      "id": "way/1190690051",
      "properties": {
        "name": "4th Avenue",
        "kind": "avenue"
      },
      "geometry": {
        "type": "LineString",
        "coordinates": [
          [
            -73.9803914,
            40.6814433
          ],
          [
            -73.980485,
            40.6813053
          ],
          [
            -73.980523,
            40.6812492
          ]
        ]
      }
    },
    {
      "type": "Feature",
      "id": "way/1221361359",
      "properties": {
        "name": "West Drive",
        "kind": "street"
      },
      "geometry": {
        "type": "LineString",
        "coordinates": [
          [
            -73.9794426,
            40.6610649
          ],
          [
            -73.9794052,
            40.6610711
          ]
        ]
      }
    },
    {
      "type": "Feature",
      "id": "way/1263147378",
      "properties": {
        "name": "7th Street",
        "kind": "street"
      },
      "geometry": {
        "type": "LineString",
        "coordinates": [
          [
            -73.992369,
            40.673813
          ],
          [
            -73.9922788,
            40.6737692
          ],
          [
            -73.9901262,
            40.672724
          ],
          [
            -73.990013,
            40.672669
          ],
          [
            -73.9899111,
            40.6726196
          ],
          [
            -73.9878836,
            40.6716375
          ],
          [
            -73.9877868,
            40.6715906
          ],
          [
            -73.9876503,
            40.6715238
          ]
        ]
      }
    },
    {
      "type": "Feature",
      "id": "way/1263147379",
      "properties": {
        "name": "4th Avenue",
        "kind": "avenue"
      },
      "geometry": {
        "type": "LineString",
        "coordinates": [
          [
            -73.9876503,
            40.6715238
          ],
          [
            -73.9875997,
            40.6715861
          ],
          [
            -73.9872886,
            40.6719675
          ]
        ]
      }
    },
    {
      "type": "Feature",
      "id": "way/1263147380",
      "properties": {
        "name": "7th Street",
        "kind": "street"
      },
      "geometry": {
        "type": "LineString",
        "coordinates": [
          [
            -73.9876503,
            40.6715238
          ],
          [
            -73.9875637,
            40.671482
          ],
          [
            -73.9867577,
            40.6710925
          ],
          [
            -73.9858916,
            40.6706738
          ],
          [
            -73.9854002,
            40.6704363
          ],
          [
            -73.985294,
            40.670385
          ]
        ]
      }
    },
    {
      "type": "Feature",
      "id": "way/1263147381",
      "properties": {
        "name": "5th Avenue",
        "kind": "avenue"
      },
      "geometry": {
        "type": "LineString",
        "coordinates": [
          [
            -73.985294,
            40.670385
          ],
          [
            -73.9853334,
            40.6703377
          ],
          [
            -73.9857444,
            40.6698449
          ],
          [
            -73.985796,
            40.669783
          ]
        ]
      }
    },
    {
      "type": "Feature",
      "id": "way/1273530550",
      "properties": {
        "name": "4th Avenue",
        "kind": "avenue"
      },
      "geometry": {
        "type": "LineString",
        "coordinates": [
          [
            -73.983118,
            40.6771646
          ],
          [
            -73.9830127,
            40.677326
          ],
          [
            -73.9829703,
            40.6773896
          ]
        ]
      }
    },
    {
      "type": "Feature",
      "id": "way/1283375422",
      "properties": {
        "name": "5th Avenue",
        "kind": "avenue"
      },
      "geometry": {
        "type": "LineString",
        "coordinates": [
          [
            -73.9827806,
            40.6733988
          ],
          [
            -73.9828229,
            40.6733481
          ],
          [
            -73.9828379,
            40.6733301
          ],
          [
            -73.9832141,
            40.6728792
          ],
          [
            -73.9832332,
            40.6728563
          ],
          [
            -73.983283,
            40.6727965
          ]
        ]
      }
    },
    {
      "type": "Feature",
      "id": "way/1283378826",
      "properties": {
        "name": "9th Street",
        "kind": "street"
      },
      "geometry": {
        "type": "LineString",
        "coordinates": [
          [
            -73.979224,
            40.665749
          ],
          [
            -73.9791399,
            40.6657083
          ],
          [
            -73.9787369,
            40.665513
          ]
        ]
      }
    },
    {
      "type": "Feature",
      "id": "way/1283378827",
      "properties": {
        "name": "9th Street",
        "kind": "street"
      },
      "geometry": {
        "type": "LineString",
        "coordinates": [
          [
            -73.9797069,
            40.6659823
          ],
          [
            -73.9793256,
            40.6657981
          ],
          [
            -73.979224,
            40.665749
          ]
        ]
      }
    },
    {
      "type": "Feature",
      "id": "way/1283378828",
      "properties": {
        "name": "9th Street",
        "kind": "street"
      },
      "geometry": {
        "type": "LineString",
        "coordinates": [
          [
            -73.9811288,
            40.6666691
          ],
          [
            -73.9797069,
            40.6659823
          ]
        ]
      }
    },
    {
      "type": "Feature",
      "id": "way/1283378829",
      "properties": {
        "name": "9th Street",
        "kind": "street"
      },
      "geometry": {
        "type": "LineString",
        "coordinates": [
          [
            -73.9820952,
            40.6671363
          ],
          [
            -73.9816875,
            40.6669391
          ],
          [
            -73.981582,
            40.666888
          ]
        ]
      }
    },
    {
      "type": "Feature",
      "id": "way/1283378830",
      "properties": {
        "name": "7th Avenue",
        "kind": "avenue"
      },
      "geometry": {
        "type": "LineString",
        "coordinates": [
          [
            -73.98107,
            40.667498
          ],
          [
            -73.9811107,
            40.6674495
          ],
          [
            -73.9815098,
            40.6669741
          ],
          [
            -73.981582,
            40.666888
          ]
        ]
      }
    },
    {
      "type": "Feature",
      "id": "way/1283378831",
      "properties": {
        "name": "9th Street",
        "kind": "street"
      },
      "geometry": {
        "type": "LineString",
        "coordinates": [
          [
            -73.981582,
            40.666888
          ],
          [
            -73.9814829,
            40.6668401
          ],
          [
            -73.9811288,
            40.6666691
          ]
        ]
      }
    },
    {
      "type": "Feature",
      "id": "way/1283378832",
      "properties": {
        "name": "9th Street",
        "kind": "street"
      },
      "geometry": {
        "type": "LineString",
        "coordinates": [
          [
            -73.983481,
            40.6678065
          ],
          [
            -73.9820952,
            40.6671363
          ]
        ]
      }
    },
    {
      "type": "Feature",
      "id": "way/1283378833",
      "properties": {
        "name": "9th Street",
        "kind": "street"
      },
      "geometry": {
        "type": "LineString",
        "coordinates": [
          [
            -73.9844889,
            40.6682942
          ],
          [
            -73.9840345,
            40.6680743
          ],
          [
            -73.983943,
            40.66803
          ]
        ]
      }
    },
    {
      "type": "Feature",
      "id": "way/1283378834",
      "properties": {
        "name": "6th Avenue",
        "kind": "avenue"
      },
      "geometry": {
        "type": "LineString",
        "coordinates": [
          [
            -73.983439,
            40.6686491
          ],
          [
            -73.9834859,
            40.6685922
          ],
          [
            -73.983872,
            40.6681174
          ],
          [
            -73.983943,
            40.66803
          ]
        ]
      }
    },
    {
      "type": "Feature",
      "id": "way/1283378835",
      "properties": {
        "name": "9th Street",
        "kind": "street"
      },
      "geometry": {
        "type": "LineString",
        "coordinates": [
          [
            -73.983943,
            40.66803
          ],
          [
            -73.9838572,
            40.6679885
          ],
          [
            -73.983481,
            40.6678065
          ]
        ]
      }
    },
    {
      "type": "Feature",
      "id": "way/1283378836",
      "properties": {
        "name": "9th Street",
        "kind": "street"
      },
      "geometry": {
        "type": "LineString",
        "coordinates": [
          [
            -73.9858255,
            40.6689413
          ],
          [
            -73.9848538,
            40.6684709
          ],
          [
            -73.9844889,
            40.6682942
          ]
        ]
      }
    },
    {
      "type": "Feature",
      "id": "way/1283378837",
      "properties": {
        "name": "9th Street",
        "kind": "street"
      },
      "geometry": {
        "type": "LineString",
        "coordinates": [
          [
            -73.986304,
            40.669173
          ],
          [
            -73.9862022,
            40.6691237
          ],
          [
            -73.9858255,
            40.6689413
          ]
        ]
      }
    },
    {
      "type": "Feature",
      "id": "way/1283378838",
      "properties": {
        "name": "9th Street",
        "kind": "street"
      },
      "geometry": {
        "type": "LineString",
        "coordinates": [
          [
            -73.9867707,
            40.6694002
          ],
          [
            -73.9867259,
            40.6693784
          ],
          [
            -73.9864103,
            40.6692247
          ],
          [
            -73.986304,
            40.669173
          ]
        ]
      }
    },
    {
      "type": "Feature",
      "id": "way/1283378839",
      "properties": {
        "name": "9th Street",
        "kind": "street"
      },
      "geometry": {
        "type": "LineString",
        "coordinates": [
          [
            -73.9886539,
            40.6703175
          ],
          [
            -73.9885657,
            40.6702746
          ],
          [
            -73.9884788,
            40.6702323
          ],
          [
            -73.9881737,
            40.6700837
          ]
        ]
      }
    },
    {
      "type": "Feature",
      "id": "way/1336875382",
      "properties": {
        "name": "Grand Army Plaza",
        "kind": "street"
      },
      "geometry": {
        "type": "LineString",
        "coordinates": [
          [
            -73.970101,
            40.6727175
          ],
          [
            -73.9700414,
            40.6726408
          ]
        ]
      }
    },
    {
      "type": "Feature",
      "id": "way/1351645778",
      "properties": {
        "name": "4th Avenue",
        "kind": "avenue"
      },
      "geometry": {
        "type": "LineString",
        "coordinates": [
          [
            -73.9807224,
            40.6809563
          ],
          [
            -73.9808361,
            40.6807893
          ]
        ]
      }
    },
    {
      "type": "Feature",
      "id": "way/1359811235",
      "properties": {
        "name": "Prospect Avenue",
        "kind": "street"
      },
      "geometry": {
        "type": "LineString",
        "coordinates": [
          [
            -73.9901271,
            40.6638914
          ],
          [
            -73.9904278,
            40.6640736
          ],
          [
            -73.9905113,
            40.6641406
          ]
        ]
      }
    },
    {
      "type": "Feature",
      "id": "way/1359811242",
      "properties": {
        "name": "Prospect Avenue",
        "kind": "street"
      },
      "geometry": {
        "type": "LineString",
        "coordinates": [
          [
            -73.9905113,
            40.6641406
          ],
          [
            -73.9905972,
            40.6642094
          ],
          [
            -73.9920469,
            40.6650926
          ],
          [
            -73.9922246,
            40.66516
          ]
        ]
      }
    },
    {
      "type": "Feature",
      "id": "way/1361201197",
      "properties": {
        "name": "7th Avenue",
        "kind": "avenue"
      },
      "geometry": {
        "type": "LineString",
        "coordinates": [
          [
            -73.976321,
            40.6731972
          ],
          [
            -73.976367,
            40.6731422
          ],
          [
            -73.9770115,
            40.6723712
          ],
          [
            -73.977056,
            40.672318
          ],
          [
            -73.9770982,
            40.6722673
          ],
          [
            -73.9773348,
            40.6719832
          ]
        ]
      }
    },
    {
      "type": "Feature",
      "id": "way/1361201198",
      "properties": {
        "name": "7th Avenue",
        "kind": "avenue"
      },
      "geometry": {
        "type": "LineString",
        "coordinates": [
          [
            -73.9773348,
            40.6719832
          ],
          [
            -73.9775117,
            40.6717706
          ],
          [
            -73.977558,
            40.671715
          ],
          [
            -73.9776003,
            40.6716642
          ],
          [
            -73.9780127,
            40.6711699
          ],
          [
            -73.978061,
            40.671112
          ],
          [
            -73.9781008,
            40.6710641
          ],
          [
            -73.9783281,
            40.6707908
          ]
        ]
      }
    },
    {
      "type": "Feature",
      "id": "way/1361202728",
      "properties": {
        "name": "8th Street",
        "kind": "street"
      },
      "geometry": {
        "type": "LineString",
        "coordinates": [
          [
            -73.9829075,
            40.668391
          ],
          [
            -73.9830536,
            40.668462
          ],
          [
            -73.9833377,
            40.6686001
          ],
          [
            -73.983439,
            40.6686491
          ]
        ]
      }
    },
    {
      "type": "Feature",
      "id": "way/1416496113",
      "properties": {
        "name": "16th Street",
        "kind": "street"
      },
      "geometry": {
        "type": "LineString",
        "coordinates": [
          [
            -73.9826461,
            40.6614971
          ],
          [
            -73.9818574,
            40.6611161
          ],
          [
            -73.980465,
            40.660443
          ],
          [
            -73.9803701,
            40.6603971
          ],
          [
            -73.9802796,
            40.6603533
          ],
          [
            -73.9781489,
            40.6593218
          ],
          [
            -73.978108,
            40.659302
          ],
          [
            -73.978015,
            40.659257
          ]
        ]
      }
    },
    {
      "type": "Feature",
      "id": "way/1418426580",
      "properties": {
        "name": "Paseo Place",
        "kind": "street"
      },
      "geometry": {
        "type": "LineString",
        "coordinates": [
          [
            -73.9788355,
            40.6789852
          ],
          [
            -73.9794918,
            40.6792371
          ]
        ]
      }
    },
    {
      "type": "Feature",
      "id": "way/1425944996",
      "properties": {
        "name": "Grand Army Plaza",
        "kind": "street"
      },
      "geometry": {
        "type": "LineString",
        "coordinates": [
          [
            -73.9701157,
            40.6727383
          ],
          [
            -73.970101,
            40.6727175
          ]
        ]
      }
    },
    {
      "type": "Feature",
      "id": "way/1457883544",
      "properties": {
        "name": "Bartel Pritchard Square",
        "kind": "street"
      },
      "geometry": {
        "type": "LineString",
        "coordinates": [
          [
            -73.979542,
            40.6610484
          ],
          [
            -73.9795567,
            40.6610922
          ],
          [
            -73.9795814,
            40.6611327
          ],
          [
            -73.9796146,
            40.661168
          ],
          [
            -73.9796546,
            40.6611981
          ],
          [
            -73.9797314,
            40.6612357
          ]
        ]
      }
    },
    {
      "type": "Feature",
      "id": "way/1497519224",
      "properties": {
        "name": "17th Street",
        "kind": "street"
      },
      "geometry": {
        "type": "LineString",
        "coordinates": [
          [
            -73.98774,
            40.661602
          ],
          [
            -73.9877193,
            40.6615657
          ],
          [
            -73.9876825,
            40.6615439
          ],
          [
            -73.9868335,
            40.661023
          ],
          [
            -73.9867702,
            40.6609866
          ],
          [
            -73.986682,
            40.66093
          ]
        ]
      }
    },
    {
      "type": "Feature",
      "id": "way/1522022295",
      "properties": {
        "name": "3rd Street",
        "kind": "street"
      },
      "geometry": {
        "type": "LineString",
        "coordinates": [
          [
            -73.980923,
            40.671655
          ],
          [
            -73.98084,
            40.6716148
          ],
          [
            -73.9792179,
            40.6708302
          ],
          [
            -73.9786694,
            40.6705649
          ],
          [
            -73.97856,
            40.670512
          ]
        ]
      }
    },
    {
      "type": "Feature",
      "id": "way/1522022296",
      "properties": {
        "name": "3rd Street",
        "kind": "street"
      },
      "geometry": {
        "type": "LineString",
        "coordinates": [
          [
            -73.97856,
            40.670512
          ],
          [
            -73.9784783,
            40.6704736
          ],
          [
            -73.9763057,
            40.6694226
          ],
          [
            -73.976201,
            40.669372
          ],
          [
            -73.9761272,
            40.6693352
          ],
          [
            -73.9739269,
            40.6682767
          ],
          [
            -73.9738386,
            40.6682342
          ]
        ]
      }
    },
    {
      "type": "Feature",
      "id": "way/1524425487",
      "properties": {
        "name": "Bergen Street",
        "kind": "street"
      },
      "geometry": {
        "type": "LineString",
        "coordinates": [
          [
            -73.9751119,
            40.6808343
          ],
          [
            -73.975223,
            40.6808421
          ],
          [
            -73.9752778,
            40.680846
          ],
          [
            -73.9753139,
            40.6808485
          ],
          [
            -73.9753732,
            40.6808559
          ],
          [
            -73.9754557,
            40.6808785
          ]
        ]
      }
    },
    {
      "type": "Feature",
      "id": "way/1524425488",
      "properties": {
        "name": "Bergen Street",
        "kind": "street"
      },
      "geometry": {
        "type": "LineString",
        "coordinates": [
          [
            -73.9754557,
            40.6808785
          ],
          [
            -73.9756669,
            40.6809601
          ]
        ]
      }
    },
    {
      "type": "Feature",
      "id": "way/1524425489",
      "properties": {
        "name": "Bergen Street",
        "kind": "street"
      },
      "geometry": {
        "type": "LineString",
        "coordinates": [
          [
            -73.975719,
            40.6809802
          ],
          [
            -73.9757939,
            40.6810092
          ]
        ]
      }
    },
    {
      "type": "Feature",
      "id": "way/1524425490",
      "properties": {
        "name": "Bergen Street",
        "kind": "street"
      },
      "geometry": {
        "type": "LineString",
        "coordinates": [
          [
            -73.9757939,
            40.6810092
          ],
          [
            -73.9759851,
            40.681083
          ]
        ]
      }
    },
    {
      "type": "Feature",
      "id": "way/1524425491",
      "properties": {
        "name": "Bergen Street",
        "kind": "street"
      },
      "geometry": {
        "type": "LineString",
        "coordinates": [
          [
            -73.9763471,
            40.6812229
          ],
          [
            -73.9765996,
            40.6813204
          ]
        ]
      }
    },
    {
      "type": "Feature",
      "id": "way/1524425492",
      "properties": {
        "name": "Bergen Street",
        "kind": "street"
      },
      "geometry": {
        "type": "LineString",
        "coordinates": [
          [
            -73.9756669,
            40.6809601
          ],
          [
            -73.975719,
            40.6809802
          ]
        ]
      }
    },
    {
      "type": "Feature",
      "id": "way/1524432632",
      "properties": {
        "name": "Flatbush Avenue",
        "kind": "street"
      },
      "geometry": {
        "type": "LineString",
        "coordinates": [
          [
            -73.978061,
            40.6848845
          ],
          [
            -73.9780477,
            40.6847267
          ],
          [
            -73.9777652,
            40.6843077
          ],
          [
            -73.9775942,
            40.6841088
          ],
          [
            -73.9774136,
            40.6838993
          ],
          [
            -73.9768606,
            40.6831286
          ],
          [
            -73.9767994,
            40.6830427
          ],
          [
            -73.9764022,
            40.682503
          ],
          [
            -73.976343,
            40.6824166
          ],
          [
            -73.9760327,
            40.681982
          ],
          [
            -73.9759791,
            40.6818905
          ],
          [
            -73.975913,
            40.6818013
          ],
          [
            -73.9756355,
            40.6814007
          ],
          [
            -73.9753162,
            40.6809766
          ],
          [
            -73.975223,
            40.6808421
          ],
          [
            -73.9751482,
            40.6807432
          ],
          [
            -73.9748032,
            40.680272
          ],
          [
            -73.9747445,
            40.6801898
          ],
          [
            -73.9746902,
            40.6801149
          ],
          [
            -73.9745397,
            40.6799207
          ],
          [
            -73.9743245,
            40.6797501
          ]
        ]
      }
    }
  ]
}